{
  "corpus": "corpora/tab/echr_dev.json",
  "docs": 127,
  "threshold": 0.01,
  "gliner_model": "data/models/pii_gliner/checkpoint-2756",
  "recall": {
    "DIRECT": {
      "any": 1.0,
      "typed": 0.9908675799086758,
      "n": 438
    },
    "QUASI": {
      "any": 0.9694599067248383,
      "typed": 0.8960433278170603,
      "n": 6647
    }
  },
  "recall_by_type": {
    "DIRECT/CODE": {
      "any": 1.0,
      "typed": 0.9936305732484076,
      "n": 157
    },
    "DIRECT/DATETIME": {
      "any": 1.0,
      "typed": 1.0,
      "n": 9
    },
    "DIRECT/MISC": {
      "any": 1.0,
      "typed": 0.6666666666666666,
      "n": 3
    },
    "DIRECT/ORG": {
      "any": 1.0,
      "typed": 1.0,
      "n": 1
    },
    "DIRECT/PERSON": {
      "any": 1.0,
      "typed": 0.9925373134328358,
      "n": 268
    },
    "QUASI/CODE": {
      "any": 0.9701986754966887,
      "typed": 0.8973509933774835,
      "n": 302
    },
    "QUASI/DATETIME": {
      "any": 1.0,
      "typed": 0.9988793425476279,
      "n": 2677
    },
    "QUASI/DEM": {
      "any": 0.943327239488117,
      "typed": 0.7367458866544789,
      "n": 547
    },
    "QUASI/LOC": {
      "any": 0.9977426636568849,
      "typed": 0.9119638826185101,
      "n": 443
    },
    "QUASI/MISC": {
      "any": 0.8726790450928382,
      "typed": 0.5411140583554377,
      "n": 377
    },
    "QUASI/ORG": {
      "any": 0.9026548672566371,
      "typed": 0.7630285152409046,
      "n": 1017
    },
    "QUASI/PERSON": {
      "any": 0.9906054279749478,
      "typed": 0.9592901878914405,
      "n": 958
    },
    "QUASI/QUANTITY": {
      "any": 0.9815950920245399,
      "typed": 0.9355828220858896,
      "n": 326
    }
  },
  "entity_level_direct_recall": 1.0,
  "precision_proxy": 0.826007326007326,
  "n_pred": 9828,
  "wall_s": 47.4,
  "gate_pass": true
}