{
  "corpus": "corpora/tab/echr_dev.json",
  "docs": 127,
  "threshold": 0.15,
  "gliner_model": "data/models/pii_gliner/checkpoint-2756",
  "recall": {
    "DIRECT": {
      "any": 0.9954337899543378,
      "typed": 0.9885844748858448,
      "n": 438
    },
    "QUASI": {
      "any": 0.8936362268692644,
      "typed": 0.8301489393711449,
      "n": 6647
    }
  },
  "recall_by_type": {
    "DIRECT/CODE": {
      "any": 1.0,
      "typed": 0.9936305732484076,
      "n": 157
    },
    "DIRECT/DATETIME": {
      "any": 1.0,
      "typed": 1.0,
      "n": 9
    },
    "DIRECT/MISC": {
      "any": 0.6666666666666666,
      "typed": 0.3333333333333333,
      "n": 3
    },
    "DIRECT/ORG": {
      "any": 1.0,
      "typed": 1.0,
      "n": 1
    },
    "DIRECT/PERSON": {
      "any": 0.996268656716418,
      "typed": 0.9925373134328358,
      "n": 268
    },
    "QUASI/CODE": {
      "any": 0.9701986754966887,
      "typed": 0.8973509933774835,
      "n": 302
    },
    "QUASI/DATETIME": {
      "any": 0.9996264475158759,
      "typed": 0.9988793425476279,
      "n": 2677
    },
    "QUASI/DEM": {
      "any": 0.7440585009140768,
      "typed": 0.6087751371115173,
      "n": 547
    },
    "QUASI/LOC": {
      "any": 0.9932279909706546,
      "typed": 0.9142212189616253,
      "n": 443
    },
    "QUASI/MISC": {
      "any": 0.5490716180371353,
      "typed": 0.2625994694960212,
      "n": 377
    },
    "QUASI/ORG": {
      "any": 0.6892822025565388,
      "typed": 0.5398230088495575,
      "n": 1017
    },
    "QUASI/PERSON": {
      "any": 0.9822546972860126,
      "typed": 0.9592901878914405,
      "n": 958
    },
    "QUASI/QUANTITY": {
      "any": 0.843558282208589,
      "typed": 0.8220858895705522,
      "n": 326
    }
  },
  "entity_level_direct_recall": 0.9936708860759493,
  "precision_proxy": 0.9278760455231043,
  "n_pred": 7293,
  "wall_s": 46.9,
  "gate_pass": true
}