{
  "corpus": "corpora/wikipedia_bio/test.json",
  "docs": 100,
  "threshold": 0.02,
  "gliner_model": "data/models/pii_gliner/checkpoint-2756",
  "recall": {
    "DIRECT": {
      "any": 0.9498069498069498,
      "typed": 0.8918918918918919,
      "n": 259
    },
    "QUASI": {
      "any": 0.9827586206896551,
      "typed": 0.8243534482758621,
      "n": 928
    }
  },
  "recall_by_type": {
    "DIRECT/DATETIME": {
      "any": 1.0,
      "typed": 1.0,
      "n": 32
    },
    "DIRECT/MISC": {
      "any": 1.0,
      "typed": 0.6666666666666666,
      "n": 3
    },
    "DIRECT/ORG": {
      "any": 1.0,
      "typed": 0.0,
      "n": 1
    },
    "DIRECT/PERSON": {
      "any": 0.9417040358744395,
      "typed": 0.8834080717488789,
      "n": 223
    },
    "QUASI/DATETIME": {
      "any": 1.0,
      "typed": 0.9705882352941176,
      "n": 238
    },
    "QUASI/DEM": {
      "any": 0.9791666666666666,
      "typed": 0.8958333333333334,
      "n": 96
    },
    "QUASI/LOC": {
      "any": 1.0,
      "typed": 0.8818181818181818,
      "n": 110
    },
    "QUASI/MISC": {
      "any": 0.949438202247191,
      "typed": 0.6292134831460674,
      "n": 178
    },
    "QUASI/ORG": {
      "any": 0.9896907216494846,
      "typed": 0.7319587628865979,
      "n": 194
    },
    "QUASI/PERSON": {
      "any": 1.0,
      "typed": 0.9076923076923077,
      "n": 65
    },
    "QUASI/QUANTITY": {
      "any": 0.9361702127659575,
      "typed": 0.8085106382978723,
      "n": 47
    }
  },
  "entity_level_direct_recall": 0.918918918918919,
  "precision_proxy": 0.9188388625592417,
  "n_pred": 1688,
  "wall_s": 10.3,
  "gate_pass": false
}