{
  "corpus": "corpora/tab/echr_dev.json",
  "docs": 127,
  "threshold": 0.3,
  "gliner_model": "data/models/pii_gliner/checkpoint-2756",
  "recall": {
    "DIRECT": {
      "any": 0.9954337899543378,
      "typed": 0.9885844748858448,
      "n": 438
    },
    "QUASI": {
      "any": 0.8668572288250338,
      "typed": 0.8069805927486084,
      "n": 6647
    }
  },
  "recall_by_type": {
    "DIRECT/CODE": {
      "any": 1.0,
      "typed": 0.9936305732484076,
      "n": 157
    },
    "DIRECT/DATETIME": {
      "any": 1.0,
      "typed": 1.0,
      "n": 9
    },
    "DIRECT/MISC": {
      "any": 0.6666666666666666,
      "typed": 0.0,
      "n": 3
    },
    "DIRECT/ORG": {
      "any": 1.0,
      "typed": 1.0,
      "n": 1
    },
    "DIRECT/PERSON": {
      "any": 0.996268656716418,
      "typed": 0.996268656716418,
      "n": 268
    },
    "QUASI/CODE": {
      "any": 0.9602649006622517,
      "typed": 0.8874172185430463,
      "n": 302
    },
    "QUASI/DATETIME": {
      "any": 0.9988793425476279,
      "typed": 0.9981322375793799,
      "n": 2677
    },
    "QUASI/DEM": {
      "any": 0.6654478976234004,
      "typed": 0.5484460694698354,
      "n": 547
    },
    "QUASI/LOC": {
      "any": 0.9909706546275395,
      "typed": 0.9119638826185101,
      "n": 443
    },
    "QUASI/MISC": {
      "any": 0.3978779840848806,
      "typed": 0.15915119363395225,
      "n": 377
    },
    "QUASI/ORG": {
      "any": 0.6470009832841691,
      "typed": 0.4936086529006883,
      "n": 1017
    },
    "QUASI/PERSON": {
      "any": 0.9801670146137788,
      "typed": 0.9582463465553236,
      "n": 958
    },
    "QUASI/QUANTITY": {
      "any": 0.7607361963190185,
      "typed": 0.7361963190184049,
      "n": 326
    }
  },
  "entity_level_direct_recall": 0.9936708860759493,
  "precision_proxy": 0.9471146822498174,
  "n_pred": 6845,
  "wall_s": 58.2,
  "gate_pass": true
}