{
  "corpus": "corpora/tab/echr_dev.json",
  "docs": 127,
  "threshold": 0.01,
  "gliner_model": "data/models/pii_gliner_multidomain/checkpoint-2479",
  "recall": {
    "DIRECT": {
      "any": 1.0,
      "typed": 0.9908675799086758,
      "n": 438
    },
    "QUASI": {
      "any": 0.9802918609899203,
      "typed": 0.8969459906724838,
      "n": 6647
    }
  },
  "recall_by_type": {
    "DIRECT/CODE": {
      "any": 1.0,
      "typed": 0.9936305732484076,
      "n": 157
    },
    "DIRECT/DATETIME": {
      "any": 1.0,
      "typed": 1.0,
      "n": 9
    },
    "DIRECT/MISC": {
      "any": 1.0,
      "typed": 0.3333333333333333,
      "n": 3
    },
    "DIRECT/ORG": {
      "any": 1.0,
      "typed": 1.0,
      "n": 1
    },
    "DIRECT/PERSON": {
      "any": 1.0,
      "typed": 0.996268656716418,
      "n": 268
    },
    "QUASI/CODE": {
      "any": 0.9768211920529801,
      "typed": 0.9105960264900662,
      "n": 302
    },
    "QUASI/DATETIME": {
      "any": 1.0,
      "typed": 0.999252895031752,
      "n": 2677
    },
    "QUASI/DEM": {
      "any": 0.9853747714808044,
      "typed": 0.8080438756855576,
      "n": 547
    },
    "QUASI/LOC": {
      "any": 0.9977426636568849,
      "typed": 0.8758465011286681,
      "n": 443
    },
    "QUASI/MISC": {
      "any": 0.9098143236074271,
      "typed": 0.4244031830238727,
      "n": 377
    },
    "QUASI/ORG": {
      "any": 0.9301868239921337,
      "typed": 0.7915437561455261,
      "n": 1017
    },
    "QUASI/PERSON": {
      "any": 0.9937369519832986,
      "typed": 0.9519832985386222,
      "n": 958
    },
    "QUASI/QUANTITY": {
      "any": 0.9877300613496932,
      "typed": 0.9355828220858896,
      "n": 326
    }
  },
  "entity_level_direct_recall": 1.0,
  "precision_proxy": 0.767544667526248,
  "n_pred": 10858,
  "wall_s": 46.5,
  "gate_pass": true
}