{
  "corpus": "corpora/tab/echr_dev.json",
  "docs": 127,
  "threshold": 0.3,
  "gliner_model": "data/models/pii_gliner_base_genfirst/checkpoint-3782",
  "recall": {
    "DIRECT": {
      "any": 1.0,
      "typed": 0.9885844748858448,
      "n": 438
    },
    "QUASI": {
      "any": 0.8621934707386791,
      "typed": 0.7984052956220852,
      "n": 6647
    }
  },
  "recall_by_type": {
    "DIRECT/CODE": {
      "any": 1.0,
      "typed": 0.9936305732484076,
      "n": 157
    },
    "DIRECT/DATETIME": {
      "any": 1.0,
      "typed": 1.0,
      "n": 9
    },
    "DIRECT/MISC": {
      "any": 1.0,
      "typed": 0.3333333333333333,
      "n": 3
    },
    "DIRECT/ORG": {
      "any": 1.0,
      "typed": 1.0,
      "n": 1
    },
    "DIRECT/PERSON": {
      "any": 1.0,
      "typed": 0.9925373134328358,
      "n": 268
    },
    "QUASI/CODE": {
      "any": 0.9602649006622517,
      "typed": 0.8940397350993378,
      "n": 302
    },
    "QUASI/DATETIME": {
      "any": 0.9996264475158759,
      "typed": 0.999252895031752,
      "n": 2677
    },
    "QUASI/DEM": {
      "any": 0.6837294332723949,
      "typed": 0.5484460694698354,
      "n": 547
    },
    "QUASI/LOC": {
      "any": 0.9887133182844243,
      "typed": 0.927765237020316,
      "n": 443
    },
    "QUASI/MISC": {
      "any": 0.38992042440318303,
      "typed": 0.1830238726790451,
      "n": 377
    },
    "QUASI/ORG": {
      "any": 0.5948869223205506,
      "typed": 0.408062930186824,
      "n": 1017
    },
    "QUASI/PERSON": {
      "any": 0.9801670146137788,
      "typed": 0.9509394572025052,
      "n": 958
    },
    "QUASI/QUANTITY": {
      "any": 0.803680981595092,
      "typed": 0.7852760736196319,
      "n": 326
    }
  },
  "entity_level_direct_recall": 1.0,
  "precision_proxy": 0.9355211797021831,
  "n_pred": 6917,
  "wall_s": 68.1,
  "gate_pass": true
}