{
  "corpus": "corpora/tab/echr_dev.json",
  "docs": 127,
  "threshold": 0.05,
  "gliner_model": "data/models/pii_gliner_base_genfirst/checkpoint-7564",
  "recall": {
    "DIRECT": {
      "any": 1.0,
      "typed": 0.9931506849315068,
      "n": 438
    },
    "QUASI": {
      "any": 0.9318489544155258,
      "typed": 0.8641492402587634,
      "n": 6647
    }
  },
  "recall_by_type": {
    "DIRECT/CODE": {
      "any": 1.0,
      "typed": 0.9936305732484076,
      "n": 157
    },
    "DIRECT/DATETIME": {
      "any": 1.0,
      "typed": 1.0,
      "n": 9
    },
    "DIRECT/MISC": {
      "any": 1.0,
      "typed": 1.0,
      "n": 3
    },
    "DIRECT/ORG": {
      "any": 1.0,
      "typed": 1.0,
      "n": 1
    },
    "DIRECT/PERSON": {
      "any": 1.0,
      "typed": 0.9925373134328358,
      "n": 268
    },
    "QUASI/CODE": {
      "any": 0.9701986754966887,
      "typed": 0.8940397350993378,
      "n": 302
    },
    "QUASI/DATETIME": {
      "any": 0.9996264475158759,
      "typed": 0.9981322375793799,
      "n": 2677
    },
    "QUASI/DEM": {
      "any": 0.8354661791590493,
      "typed": 0.6563071297989032,
      "n": 547
    },
    "QUASI/LOC": {
      "any": 0.9954853273137697,
      "typed": 0.909706546275395,
      "n": 443
    },
    "QUASI/MISC": {
      "any": 0.6843501326259946,
      "typed": 0.4217506631299735,
      "n": 377
    },
    "QUASI/ORG": {
      "any": 0.7905604719764012,
      "typed": 0.6499508357915438,
      "n": 1017
    },
    "QUASI/PERSON": {
      "any": 0.9916492693110647,
      "typed": 0.9530271398747391,
      "n": 958
    },
    "QUASI/QUANTITY": {
      "any": 0.9662576687116564,
      "typed": 0.941717791411043,
      "n": 326
    }
  },
  "entity_level_direct_recall": 1.0,
  "precision_proxy": 0.8925962006819289,
  "n_pred": 8212,
  "wall_s": 69.9,
  "gate_pass": true
}