{
  "corpus": "corpora/tab/echr_dev.json",
  "docs": 127,
  "threshold": 0.2,
  "gliner_model": "data/models/pii_gliner_base_genfirst/checkpoint-7564",
  "recall": {
    "DIRECT": {
      "any": 1.0,
      "typed": 0.9908675799086758,
      "n": 438
    },
    "QUASI": {
      "any": 0.8894238002106213,
      "typed": 0.8277418384233489,
      "n": 6647
    }
  },
  "recall_by_type": {
    "DIRECT/CODE": {
      "any": 1.0,
      "typed": 0.9936305732484076,
      "n": 157
    },
    "DIRECT/DATETIME": {
      "any": 1.0,
      "typed": 1.0,
      "n": 9
    },
    "DIRECT/MISC": {
      "any": 1.0,
      "typed": 0.3333333333333333,
      "n": 3
    },
    "DIRECT/ORG": {
      "any": 1.0,
      "typed": 1.0,
      "n": 1
    },
    "DIRECT/PERSON": {
      "any": 1.0,
      "typed": 0.996268656716418,
      "n": 268
    },
    "QUASI/CODE": {
      "any": 0.9701986754966887,
      "typed": 0.8940397350993378,
      "n": 302
    },
    "QUASI/DATETIME": {
      "any": 0.999252895031752,
      "typed": 0.9981322375793799,
      "n": 2677
    },
    "QUASI/DEM": {
      "any": 0.6910420475319927,
      "typed": 0.5447897623400365,
      "n": 547
    },
    "QUASI/LOC": {
      "any": 0.9932279909706546,
      "typed": 0.90744920993228,
      "n": 443
    },
    "QUASI/MISC": {
      "any": 0.493368700265252,
      "typed": 0.27851458885941643,
      "n": 377
    },
    "QUASI/ORG": {
      "any": 0.6833824975417896,
      "typed": 0.5388397246804326,
      "n": 1017
    },
    "QUASI/PERSON": {
      "any": 0.9853862212943633,
      "typed": 0.9530271398747391,
      "n": 958
    },
    "QUASI/QUANTITY": {
      "any": 0.9233128834355828,
      "typed": 0.901840490797546,
      "n": 326
    }
  },
  "entity_level_direct_recall": 1.0,
  "precision_proxy": 0.933195020746888,
  "n_pred": 7230,
  "wall_s": 87.9,
  "gate_pass": true
}