{
  "corpus": "corpora/tab/echr_dev.json",
  "docs": 127,
  "threshold": 0.05,
  "gliner_model": "data/models/pii_gliner_base_genfirst/checkpoint-11346",
  "recall": {
    "DIRECT": {
      "any": 1.0,
      "typed": 0.9931506849315068,
      "n": 438
    },
    "QUASI": {
      "any": 0.9387693696404393,
      "typed": 0.8701669926282534,
      "n": 6647
    }
  },
  "recall_by_type": {
    "DIRECT/CODE": {
      "any": 1.0,
      "typed": 0.9936305732484076,
      "n": 157
    },
    "DIRECT/DATETIME": {
      "any": 1.0,
      "typed": 1.0,
      "n": 9
    },
    "DIRECT/MISC": {
      "any": 1.0,
      "typed": 1.0,
      "n": 3
    },
    "DIRECT/ORG": {
      "any": 1.0,
      "typed": 1.0,
      "n": 1
    },
    "DIRECT/PERSON": {
      "any": 1.0,
      "typed": 0.9925373134328358,
      "n": 268
    },
    "QUASI/CODE": {
      "any": 0.9701986754966887,
      "typed": 0.9006622516556292,
      "n": 302
    },
    "QUASI/DATETIME": {
      "any": 0.9996264475158759,
      "typed": 0.9981322375793799,
      "n": 2677
    },
    "QUASI/DEM": {
      "any": 0.8647166361974405,
      "typed": 0.6727605118829981,
      "n": 547
    },
    "QUASI/LOC": {
      "any": 0.9932279909706546,
      "typed": 0.9051918735891648,
      "n": 443
    },
    "QUASI/MISC": {
      "any": 0.7241379310344828,
      "typed": 0.47480106100795755,
      "n": 377
    },
    "QUASI/ORG": {
      "any": 0.8023598820058997,
      "typed": 0.6597836774827925,
      "n": 1017
    },
    "QUASI/PERSON": {
      "any": 0.9926931106471816,
      "typed": 0.9530271398747391,
      "n": 958
    },
    "QUASI/QUANTITY": {
      "any": 0.9754601226993865,
      "typed": 0.9447852760736196,
      "n": 326
    }
  },
  "entity_level_direct_recall": 1.0,
  "precision_proxy": 0.8834443387250238,
  "n_pred": 8408,
  "wall_s": 86.4,
  "gate_pass": true
}