{
  "corpus": "corpora/tab/echr_dev.json",
  "docs": 127,
  "threshold": 0.02,
  "gliner_model": "data/models/pii_gliner_base_genfirst/checkpoint-7564",
  "recall": {
    "DIRECT": {
      "any": 1.0,
      "typed": 0.9931506849315068,
      "n": 438
    },
    "QUASI": {
      "any": 0.9511057619978938,
      "typed": 0.8796449526102,
      "n": 6647
    }
  },
  "recall_by_type": {
    "DIRECT/CODE": {
      "any": 1.0,
      "typed": 0.9936305732484076,
      "n": 157
    },
    "DIRECT/DATETIME": {
      "any": 1.0,
      "typed": 1.0,
      "n": 9
    },
    "DIRECT/MISC": {
      "any": 1.0,
      "typed": 1.0,
      "n": 3
    },
    "DIRECT/ORG": {
      "any": 1.0,
      "typed": 1.0,
      "n": 1
    },
    "DIRECT/PERSON": {
      "any": 1.0,
      "typed": 0.9925373134328358,
      "n": 268
    },
    "QUASI/CODE": {
      "any": 0.9735099337748344,
      "typed": 0.8940397350993378,
      "n": 302
    },
    "QUASI/DATETIME": {
      "any": 1.0,
      "typed": 0.9981322375793799,
      "n": 2677
    },
    "QUASI/DEM": {
      "any": 0.9122486288848263,
      "typed": 0.7129798903107861,
      "n": 547
    },
    "QUASI/LOC": {
      "any": 0.9977426636568849,
      "typed": 0.909706546275395,
      "n": 443
    },
    "QUASI/MISC": {
      "any": 0.7718832891246684,
      "typed": 0.4854111405835544,
      "n": 377
    },
    "QUASI/ORG": {
      "any": 0.8338249754178958,
      "typed": 0.6941986234021632,
      "n": 1017
    },
    "QUASI/PERSON": {
      "any": 0.9926931106471816,
      "typed": 0.9530271398747391,
      "n": 958
    },
    "QUASI/QUANTITY": {
      "any": 0.9815950920245399,
      "typed": 0.950920245398773,
      "n": 326
    }
  },
  "entity_level_direct_recall": 1.0,
  "precision_proxy": 0.8680500733055149,
  "n_pred": 8867,
  "wall_s": 87.4,
  "gate_pass": true
}