{
  "corpus": "corpora/tab/echr_dev.json",
  "docs": 127,
  "threshold": 0.1,
  "gliner_model": "data/models/pii_gliner_base_genfirst/checkpoint-7564",
  "recall": {
    "DIRECT": {
      "any": 1.0,
      "typed": 0.9931506849315068,
      "n": 438
    },
    "QUASI": {
      "any": 0.9115390401684971,
      "typed": 0.8488039717165639,
      "n": 6647
    }
  },
  "recall_by_type": {
    "DIRECT/CODE": {
      "any": 1.0,
      "typed": 0.9936305732484076,
      "n": 157
    },
    "DIRECT/DATETIME": {
      "any": 1.0,
      "typed": 1.0,
      "n": 9
    },
    "DIRECT/MISC": {
      "any": 1.0,
      "typed": 1.0,
      "n": 3
    },
    "DIRECT/ORG": {
      "any": 1.0,
      "typed": 1.0,
      "n": 1
    },
    "DIRECT/PERSON": {
      "any": 1.0,
      "typed": 0.9925373134328358,
      "n": 268
    },
    "QUASI/CODE": {
      "any": 0.9701986754966887,
      "typed": 0.8940397350993378,
      "n": 302
    },
    "QUASI/DATETIME": {
      "any": 0.9996264475158759,
      "typed": 0.9981322375793799,
      "n": 2677
    },
    "QUASI/DEM": {
      "any": 0.7659963436928702,
      "typed": 0.6142595978062158,
      "n": 547
    },
    "QUASI/LOC": {
      "any": 0.9954853273137697,
      "typed": 0.9119638826185101,
      "n": 443
    },
    "QUASI/MISC": {
      "any": 0.5862068965517241,
      "typed": 0.35809018567639256,
      "n": 377
    },
    "QUASI/ORG": {
      "any": 0.7384464110127827,
      "typed": 0.5978367748279253,
      "n": 1017
    },
    "QUASI/PERSON": {
      "any": 0.9874739039665971,
      "typed": 0.9519832985386222,
      "n": 958
    },
    "QUASI/QUANTITY": {
      "any": 0.9570552147239264,
      "typed": 0.9355828220858896,
      "n": 326
    }
  },
  "entity_level_direct_recall": 1.0,
  "precision_proxy": 0.9135962636222107,
  "n_pred": 7708,
  "wall_s": 68.6,
  "gate_pass": true
}