{
  "gliner_model": "data/models/pii_gliner_base_genfirst/checkpoint-3782",
  "dataset": "multinerd/en/test",
  "threshold": 0.3,
  "n_sentences": 286,
  "n_gold": 426,
  "overall": {
    "any": 0.9178403755868545,
    "typed": 0.7887323943661971
  },
  "precision_proxy": 0.43526785714285715,
  "n_pred": 896,
  "per_type": {
    "ANIM": {
      "any": 0.8978102189781022,
      "typed": 0.6715328467153284,
      "n": 137
    },
    "BIO": {
      "any": 1.0,
      "typed": 0.0,
      "n": 2
    },
    "CEL": {
      "any": 1.0,
      "typed": 1.0,
      "n": 2
    },
    "DIS": {
      "any": 0.9764705882352941,
      "typed": 0.9647058823529412,
      "n": 85
    },
    "FOOD": {
      "any": 0.8983050847457628,
      "typed": 0.7966101694915254,
      "n": 59
    },
    "INST": {
      "any": 0.0,
      "typed": 0.0,
      "n": 1
    },
    "MEDIA": {
      "any": 0.9622641509433962,
      "typed": 0.9622641509433962,
      "n": 53
    },
    "MYTH": {
      "any": 1.0,
      "typed": 1.0,
      "n": 6
    },
    "PLANT": {
      "any": 0.8734177215189873,
      "typed": 0.6835443037974683,
      "n": 79
    },
    "VEHI": {
      "any": 1.0,
      "typed": 1.0,
      "n": 2
    }
  },
  "wall_s": 5.1
}