{
  "corpus": "corpora/tab/echr_test.json",
  "docs": 127,
  "threshold": 0.3,
  "recall": {
    "DIRECT": {
      "any": 0.9975429975429976,
      "typed": 0.9803439803439803,
      "n": 407
    },
    "QUASI": {
      "any": 0.854996934396076,
      "typed": 0.7806560392397303,
      "n": 6524
    }
  },
  "recall_by_type": {
    "DIRECT/CODE": {
      "any": 1.0,
      "typed": 0.9655172413793104,
      "n": 145
    },
    "DIRECT/DATETIME": {
      "any": 1.0,
      "typed": 1.0,
      "n": 5
    },
    "DIRECT/ORG": {
      "any": 1.0,
      "typed": 0.6666666666666666,
      "n": 6
    },
    "DIRECT/PERSON": {
      "any": 0.9960159362549801,
      "typed": 0.9960159362549801,
      "n": 251
    },
    "QUASI/CODE": {
      "any": 0.7572815533980582,
      "typed": 0.6796116504854369,
      "n": 206
    },
    "QUASI/DATETIME": {
      "any": 0.9933896437752479,
      "typed": 0.9933896437752479,
      "n": 2723
    },
    "QUASI/DEM": {
      "any": 0.5632911392405063,
      "typed": 0.31645569620253167,
      "n": 474
    },
    "QUASI/LOC": {
      "any": 0.9655870445344129,
      "typed": 0.9291497975708503,
      "n": 494
    },
    "QUASI/MISC": {
      "any": 0.2141119221411192,
      "typed": 0.0,
      "n": 411
    },
    "QUASI/ORG": {
      "any": 0.9235127478753541,
      "typed": 0.7063267233238905,
      "n": 1059
    },
    "QUASI/PERSON": {
      "any": 0.9747126436781609,
      "typed": 0.967816091954023,
      "n": 870
    },
    "QUASI/QUANTITY": {
      "any": 0.20557491289198607,
      "typed": 0.17073170731707318,
      "n": 287
    }
  },
  "entity_level_direct_recall": 0.9966442953020134,
  "precision_proxy": 0.71262212572782,
  "n_pred": 10133,
  "wall_s": 47.7,
  "gate_pass": true
}