{
  "gliner_model": "data/models/pii_gliner_finedem/final",
  "dataset": "multinerd/en/test",
  "threshold": 0.3,
  "n_sentences": 286,
  "n_gold": 426,
  "overall": {
    "any": 0.9342723004694836,
    "typed": 0.7981220657276995
  },
  "precision_proxy": 0.41823899371069184,
  "n_pred": 954,
  "per_type": {
    "ANIM": {
      "any": 0.9197080291970803,
      "typed": 0.6934306569343066,
      "n": 137
    },
    "BIO": {
      "any": 1.0,
      "typed": 0.0,
      "n": 2
    },
    "CEL": {
      "any": 1.0,
      "typed": 1.0,
      "n": 2
    },
    "DIS": {
      "any": 0.9764705882352941,
      "typed": 0.9647058823529412,
      "n": 85
    },
    "FOOD": {
      "any": 0.8983050847457628,
      "typed": 0.6440677966101694,
      "n": 59
    },
    "INST": {
      "any": 1.0,
      "typed": 0.0,
      "n": 1
    },
    "MEDIA": {
      "any": 0.9811320754716981,
      "typed": 0.9433962264150944,
      "n": 53
    },
    "MYTH": {
      "any": 1.0,
      "typed": 1.0,
      "n": 6
    },
    "PLANT": {
      "any": 0.8987341772151899,
      "typed": 0.8227848101265823,
      "n": 79
    },
    "VEHI": {
      "any": 1.0,
      "typed": 1.0,
      "n": 2
    }
  },
  "wall_s": 4.9
}