{
  "corpus": "corpora/tab/echr_dev.json",
  "docs": 127,
  "threshold": 0.2,
  "gliner_model": "data/models/pii_gliner_finedem/final",
  "recall": {
    "DIRECT": {
      "any": 0.9954337899543378,
      "typed": 0.9908675799086758,
      "n": 438
    },
    "QUASI": {
      "any": 0.8967955468632466,
      "typed": 0.8349631412667369,
      "n": 6647
    }
  },
  "recall_by_type": {
    "DIRECT/CODE": {
      "any": 1.0,
      "typed": 0.9936305732484076,
      "n": 157
    },
    "DIRECT/DATETIME": {
      "any": 1.0,
      "typed": 1.0,
      "n": 9
    },
    "DIRECT/MISC": {
      "any": 0.6666666666666666,
      "typed": 0.3333333333333333,
      "n": 3
    },
    "DIRECT/ORG": {
      "any": 1.0,
      "typed": 1.0,
      "n": 1
    },
    "DIRECT/PERSON": {
      "any": 0.996268656716418,
      "typed": 0.996268656716418,
      "n": 268
    },
    "QUASI/CODE": {
      "any": 0.9602649006622517,
      "typed": 0.9105960264900662,
      "n": 302
    },
    "QUASI/DATETIME": {
      "any": 0.999252895031752,
      "typed": 0.9988793425476279,
      "n": 2677
    },
    "QUASI/DEM": {
      "any": 0.7678244972577697,
      "typed": 0.6270566727605119,
      "n": 547
    },
    "QUASI/LOC": {
      "any": 0.9977426636568849,
      "typed": 0.909706546275395,
      "n": 443
    },
    "QUASI/MISC": {
      "any": 0.4854111405835544,
      "typed": 0.22281167108753316,
      "n": 377
    },
    "QUASI/ORG": {
      "any": 0.7089478859390363,
      "typed": 0.5614552605703048,
      "n": 1017
    },
    "QUASI/PERSON": {
      "any": 0.9832985386221295,
      "typed": 0.9592901878914405,
      "n": 958
    },
    "QUASI/QUANTITY": {
      "any": 0.8834355828220859,
      "typed": 0.8619631901840491,
      "n": 326
    }
  },
  "entity_level_direct_recall": 0.9936708860759493,
  "precision_proxy": 0.9254759011745646,
  "n_pred": 7407,
  "wall_s": 48.0,
  "dem_leaf_recall": {
    "age": {
      "any": 0.8181818181818182,
      "n": 11
    },
    "demographic-other": {
      "any": 0.21052631578947367,
      "n": 209
    },
    "ethnicity": {
      "any": 1.0,
      "n": 2
    },
    "family-role": {
      "any": 0.2,
      "n": 55
    },
    "gender": {
      "any": 0.2,
      "n": 5
    },
    "health-condition": {
      "any": 0.7380952380952381,
      "n": 42
    },
    "marital-status": {
      "any": 0.20833333333333334,
      "n": 24
    },
    "nationality": {
      "any": 0.4230769230769231,
      "n": 182
    },
    "profession": {
      "any": 0.14285714285714285,
      "n": 14
    },
    "religion": {
      "any": 1.0,
      "n": 1
    },
    "sexual-orientation": {
      "any": 1.0,
      "n": 2
    }
  },
  "dem_leaf_recall_note": "fine gold = relabel_dem() output (same relabeler as training), so this measures 'learned the relabeler', not ground truth; DEM-rollup recall in recall_by_type['QUASI/DEM'] is the clean anchor.",
  "gate_pass": true
}