{
  "corpus": "corpora/tab/echr_dev.json",
  "docs": 127,
  "threshold": 0.3,
  "gliner_model": "data/models/pii_gliner_finedem/final",
  "recall": {
    "DIRECT": {
      "any": 0.9954337899543378,
      "typed": 0.9885844748858448,
      "n": 438
    },
    "QUASI": {
      "any": 0.8773882954716413,
      "typed": 0.8188656536783512,
      "n": 6647
    }
  },
  "recall_by_type": {
    "DIRECT/CODE": {
      "any": 1.0,
      "typed": 0.9936305732484076,
      "n": 157
    },
    "DIRECT/DATETIME": {
      "any": 1.0,
      "typed": 1.0,
      "n": 9
    },
    "DIRECT/MISC": {
      "any": 0.6666666666666666,
      "typed": 0.0,
      "n": 3
    },
    "DIRECT/ORG": {
      "any": 1.0,
      "typed": 1.0,
      "n": 1
    },
    "DIRECT/PERSON": {
      "any": 0.996268656716418,
      "typed": 0.996268656716418,
      "n": 268
    },
    "QUASI/CODE": {
      "any": 0.9602649006622517,
      "typed": 0.9105960264900662,
      "n": 302
    },
    "QUASI/DATETIME": {
      "any": 0.999252895031752,
      "typed": 0.9988793425476279,
      "n": 2677
    },
    "QUASI/DEM": {
      "any": 0.70018281535649,
      "typed": 0.5722120658135283,
      "n": 547
    },
    "QUASI/LOC": {
      "any": 0.9932279909706546,
      "typed": 0.90744920993228,
      "n": 443
    },
    "QUASI/MISC": {
      "any": 0.38461538461538464,
      "typed": 0.16445623342175067,
      "n": 377
    },
    "QUASI/ORG": {
      "any": 0.6745329400196657,
      "typed": 0.5250737463126843,
      "n": 1017
    },
    "QUASI/PERSON": {
      "any": 0.9832985386221295,
      "typed": 0.9592901878914405,
      "n": 958
    },
    "QUASI/QUANTITY": {
      "any": 0.8312883435582822,
      "typed": 0.8098159509202454,
      "n": 326
    }
  },
  "entity_level_direct_recall": 0.9936708860759493,
  "precision_proxy": 0.9388392223641265,
  "n_pred": 7047,
  "wall_s": 48.0,
  "dem_leaf_recall": {
    "age": {
      "any": 0.8181818181818182,
      "n": 11
    },
    "demographic-other": {
      "any": 0.15311004784688995,
      "n": 209
    },
    "ethnicity": {
      "any": 1.0,
      "n": 2
    },
    "family-role": {
      "any": 0.12727272727272726,
      "n": 55
    },
    "gender": {
      "any": 0.2,
      "n": 5
    },
    "health-condition": {
      "any": 0.7380952380952381,
      "n": 42
    },
    "marital-status": {
      "any": 0.20833333333333334,
      "n": 24
    },
    "nationality": {
      "any": 0.4230769230769231,
      "n": 182
    },
    "profession": {
      "any": 0.14285714285714285,
      "n": 14
    },
    "religion": {
      "any": 1.0,
      "n": 1
    },
    "sexual-orientation": {
      "any": 1.0,
      "n": 2
    }
  },
  "dem_leaf_recall_note": "fine gold = relabel_dem() output (same relabeler as training), so this measures 'learned the relabeler', not ground truth; DEM-rollup recall in recall_by_type['QUASI/DEM'] is the clean anchor.",
  "gate_pass": true
}