{
  "corpus": "corpora/tab/echr_dev.json",
  "docs": 127,
  "threshold": 0.05,
  "gliner_model": "data/models/pii_gliner_finedem/final",
  "recall": {
    "DIRECT": {
      "any": 1.0,
      "typed": 0.9885844748858448,
      "n": 438
    },
    "QUASI": {
      "any": 0.9413269143974725,
      "typed": 0.8715209869113886,
      "n": 6647
    }
  },
  "recall_by_type": {
    "DIRECT/CODE": {
      "any": 1.0,
      "typed": 0.9872611464968153,
      "n": 157
    },
    "DIRECT/DATETIME": {
      "any": 1.0,
      "typed": 1.0,
      "n": 9
    },
    "DIRECT/MISC": {
      "any": 1.0,
      "typed": 0.6666666666666666,
      "n": 3
    },
    "DIRECT/ORG": {
      "any": 1.0,
      "typed": 1.0,
      "n": 1
    },
    "DIRECT/PERSON": {
      "any": 1.0,
      "typed": 0.9925373134328358,
      "n": 268
    },
    "QUASI/CODE": {
      "any": 0.9701986754966887,
      "typed": 0.9205298013245033,
      "n": 302
    },
    "QUASI/DATETIME": {
      "any": 1.0,
      "typed": 0.999252895031752,
      "n": 2677
    },
    "QUASI/DEM": {
      "any": 0.9140767824497258,
      "typed": 0.7422303473491774,
      "n": 547
    },
    "QUASI/LOC": {
      "any": 0.9977426636568849,
      "typed": 0.9051918735891648,
      "n": 443
    },
    "QUASI/MISC": {
      "any": 0.7029177718832891,
      "typed": 0.3421750663129973,
      "n": 377
    },
    "QUASI/ORG": {
      "any": 0.8102261553588987,
      "typed": 0.671583087512291,
      "n": 1017
    },
    "QUASI/PERSON": {
      "any": 0.9874739039665971,
      "typed": 0.9592901878914405,
      "n": 958
    },
    "QUASI/QUANTITY": {
      "any": 0.950920245398773,
      "typed": 0.9263803680981595,
      "n": 326
    }
  },
  "entity_level_direct_recall": 1.0,
  "precision_proxy": 0.8827109914549924,
  "n_pred": 8543,
  "wall_s": 60.4,
  "dem_leaf_recall": {
    "age": {
      "any": 0.8181818181818182,
      "n": 11
    },
    "demographic-other": {
      "any": 0.3444976076555024,
      "n": 209
    },
    "ethnicity": {
      "any": 1.0,
      "n": 2
    },
    "family-role": {
      "any": 0.38181818181818183,
      "n": 55
    },
    "gender": {
      "any": 0.2,
      "n": 5
    },
    "health-condition": {
      "any": 0.8571428571428571,
      "n": 42
    },
    "marital-status": {
      "any": 0.20833333333333334,
      "n": 24
    },
    "nationality": {
      "any": 0.4230769230769231,
      "n": 182
    },
    "profession": {
      "any": 0.14285714285714285,
      "n": 14
    },
    "religion": {
      "any": 1.0,
      "n": 1
    },
    "sexual-orientation": {
      "any": 1.0,
      "n": 2
    }
  },
  "dem_leaf_recall_note": "fine gold = relabel_dem() output (same relabeler as training), so this measures 'learned the relabeler', not ground truth; DEM-rollup recall in recall_by_type['QUASI/DEM'] is the clean anchor.",
  "gate_pass": true
}