{
  "corpus": "corpora/tab/echr_dev.json",
  "docs": 127,
  "threshold": 0.3,
  "gliner_model": "data/models/pii_gliner_large_balanced/checkpoint-1891",
  "recall": {
    "DIRECT": {
      "any": 1.0,
      "typed": 0.9908675799086758,
      "n": 438
    },
    "QUASI": {
      "any": 0.8752820821423198,
      "typed": 0.8139010079735219,
      "n": 6647
    }
  },
  "recall_by_type": {
    "DIRECT/CODE": {
      "any": 1.0,
      "typed": 0.9936305732484076,
      "n": 157
    },
    "DIRECT/DATETIME": {
      "any": 1.0,
      "typed": 1.0,
      "n": 9
    },
    "DIRECT/MISC": {
      "any": 1.0,
      "typed": 1.0,
      "n": 3
    },
    "DIRECT/ORG": {
      "any": 1.0,
      "typed": 1.0,
      "n": 1
    },
    "DIRECT/PERSON": {
      "any": 1.0,
      "typed": 0.9888059701492538,
      "n": 268
    },
    "QUASI/CODE": {
      "any": 0.9701986754966887,
      "typed": 0.9503311258278145,
      "n": 302
    },
    "QUASI/DATETIME": {
      "any": 0.9988793425476279,
      "typed": 0.9985057900635039,
      "n": 2677
    },
    "QUASI/DEM": {
      "any": 0.7239488117001828,
      "typed": 0.5722120658135283,
      "n": 547
    },
    "QUASI/LOC": {
      "any": 0.9909706546275395,
      "typed": 0.909706546275395,
      "n": 443
    },
    "QUASI/MISC": {
      "any": 0.33687002652519893,
      "typed": 0.11671087533156499,
      "n": 377
    },
    "QUASI/ORG": {
      "any": 0.640117994100295,
      "typed": 0.4749262536873156,
      "n": 1017
    },
    "QUASI/PERSON": {
      "any": 0.9926931106471816,
      "typed": 0.965553235908142,
      "n": 958
    },
    "QUASI/QUANTITY": {
      "any": 0.8803680981595092,
      "typed": 0.8650306748466258,
      "n": 326
    }
  },
  "entity_level_direct_recall": 1.0,
  "precision_proxy": 0.942078853046595,
  "n_pred": 6975,
  "wall_s": 115.6,
  "gate_pass": true
}