{
  "corpus": "corpora/tab/echr_dev.json",
  "docs": 127,
  "threshold": 0.3,
  "gliner_model": "data/models/pii_gliner_large_balanced/checkpoint-5673",
  "recall": {
    "DIRECT": {
      "any": 1.0,
      "typed": 0.9931506849315068,
      "n": 438
    },
    "QUASI": {
      "any": 0.8716714307206258,
      "typed": 0.8126974574996239,
      "n": 6647
    }
  },
  "recall_by_type": {
    "DIRECT/CODE": {
      "any": 1.0,
      "typed": 0.9936305732484076,
      "n": 157
    },
    "DIRECT/DATETIME": {
      "any": 1.0,
      "typed": 1.0,
      "n": 9
    },
    "DIRECT/MISC": {
      "any": 1.0,
      "typed": 1.0,
      "n": 3
    },
    "DIRECT/ORG": {
      "any": 1.0,
      "typed": 1.0,
      "n": 1
    },
    "DIRECT/PERSON": {
      "any": 1.0,
      "typed": 0.9925373134328358,
      "n": 268
    },
    "QUASI/CODE": {
      "any": 0.9602649006622517,
      "typed": 0.9403973509933775,
      "n": 302
    },
    "QUASI/DATETIME": {
      "any": 0.9985057900635039,
      "typed": 0.9981322375793799,
      "n": 2677
    },
    "QUASI/DEM": {
      "any": 0.6782449725776966,
      "typed": 0.5411334552102377,
      "n": 547
    },
    "QUASI/LOC": {
      "any": 0.9932279909706546,
      "typed": 0.909706546275395,
      "n": 443
    },
    "QUASI/MISC": {
      "any": 0.3978779840848806,
      "typed": 0.20159151193633953,
      "n": 377
    },
    "QUASI/ORG": {
      "any": 0.640117994100295,
      "typed": 0.4759095378564405,
      "n": 1017
    },
    "QUASI/PERSON": {
      "any": 0.9916492693110647,
      "typed": 0.965553235908142,
      "n": 958
    },
    "QUASI/QUANTITY": {
      "any": 0.8251533742331288,
      "typed": 0.803680981595092,
      "n": 326
    }
  },
  "entity_level_direct_recall": 1.0,
  "precision_proxy": 0.9375,
  "n_pred": 6992,
  "wall_s": 115.4,
  "gate_pass": true
}