{
  "corpus": "corpora/tab/echr_dev.json",
  "docs": 127,
  "threshold": 0.05,
  "gliner_model": "data/models/pii_gliner_large_balanced/checkpoint-1891",
  "recall": {
    "DIRECT": {
      "any": 1.0,
      "typed": 0.9908675799086758,
      "n": 438
    },
    "QUASI": {
      "any": 0.9417782458251843,
      "typed": 0.8697156612005416,
      "n": 6647
    }
  },
  "recall_by_type": {
    "DIRECT/CODE": {
      "any": 1.0,
      "typed": 0.9936305732484076,
      "n": 157
    },
    "DIRECT/DATETIME": {
      "any": 1.0,
      "typed": 1.0,
      "n": 9
    },
    "DIRECT/MISC": {
      "any": 1.0,
      "typed": 1.0,
      "n": 3
    },
    "DIRECT/ORG": {
      "any": 1.0,
      "typed": 1.0,
      "n": 1
    },
    "DIRECT/PERSON": {
      "any": 1.0,
      "typed": 0.9888059701492538,
      "n": 268
    },
    "QUASI/CODE": {
      "any": 0.9701986754966887,
      "typed": 0.9503311258278145,
      "n": 302
    },
    "QUASI/DATETIME": {
      "any": 1.0,
      "typed": 0.999252895031752,
      "n": 2677
    },
    "QUASI/DEM": {
      "any": 0.9104204753199269,
      "typed": 0.7148080438756855,
      "n": 547
    },
    "QUASI/LOC": {
      "any": 1.0,
      "typed": 0.9119638826185101,
      "n": 443
    },
    "QUASI/MISC": {
      "any": 0.6923076923076923,
      "typed": 0.33687002652519893,
      "n": 377
    },
    "QUASI/ORG": {
      "any": 0.8033431661750245,
      "typed": 0.6519174041297935,
      "n": 1017
    },
    "QUASI/PERSON": {
      "any": 0.9947807933194155,
      "typed": 0.965553235908142,
      "n": 958
    },
    "QUASI/QUANTITY": {
      "any": 0.9754601226993865,
      "typed": 0.9478527607361963,
      "n": 326
    }
  },
  "entity_level_direct_recall": 1.0,
  "precision_proxy": 0.8759699035974606,
  "n_pred": 8506,
  "wall_s": 116.5,
  "gate_pass": true
}