{
  "gliner_model": "data/models/pii_gliner_large_balanced/checkpoint-1891",
  "dataset": "multinerd/en/test",
  "threshold": 0.3,
  "n_sentences": 286,
  "n_gold": 426,
  "overall": {
    "any": 0.9882629107981221,
    "typed": 0.8967136150234741
  },
  "precision_proxy": 0.4440928270042194,
  "n_pred": 948,
  "per_type": {
    "ANIM": {
      "any": 1.0,
      "typed": 0.8686131386861314,
      "n": 137
    },
    "BIO": {
      "any": 1.0,
      "typed": 0.5,
      "n": 2
    },
    "CEL": {
      "any": 1.0,
      "typed": 1.0,
      "n": 2
    },
    "DIS": {
      "any": 0.9764705882352941,
      "typed": 0.9764705882352941,
      "n": 85
    },
    "FOOD": {
      "any": 0.9661016949152542,
      "typed": 0.8813559322033898,
      "n": 59
    },
    "INST": {
      "any": 1.0,
      "typed": 1.0,
      "n": 1
    },
    "MEDIA": {
      "any": 1.0,
      "typed": 1.0,
      "n": 53
    },
    "MYTH": {
      "any": 1.0,
      "typed": 1.0,
      "n": 6
    },
    "PLANT": {
      "any": 0.9873417721518988,
      "typed": 0.7974683544303798,
      "n": 79
    },
    "VEHI": {
      "any": 1.0,
      "typed": 1.0,
      "n": 2
    }
  },
  "wall_s": 16.4
}