{
  "corpus": "corpora/tab/echr_dev.json",
  "docs": 127,
  "threshold": 0.02,
  "gliner_model": "data/models/pii_gliner_large_balanced/checkpoint-5673",
  "recall": {
    "DIRECT": {
      "any": 1.0,
      "typed": 0.9931506849315068,
      "n": 438
    },
    "QUASI": {
      "any": 0.9431322401083195,
      "typed": 0.8757334135700315,
      "n": 6647
    }
  },
  "recall_by_type": {
    "DIRECT/CODE": {
      "any": 1.0,
      "typed": 0.9936305732484076,
      "n": 157
    },
    "DIRECT/DATETIME": {
      "any": 1.0,
      "typed": 1.0,
      "n": 9
    },
    "DIRECT/MISC": {
      "any": 1.0,
      "typed": 1.0,
      "n": 3
    },
    "DIRECT/ORG": {
      "any": 1.0,
      "typed": 1.0,
      "n": 1
    },
    "DIRECT/PERSON": {
      "any": 1.0,
      "typed": 0.9925373134328358,
      "n": 268
    },
    "QUASI/CODE": {
      "any": 0.9701986754966887,
      "typed": 0.9503311258278145,
      "n": 302
    },
    "QUASI/DATETIME": {
      "any": 1.0,
      "typed": 0.999252895031752,
      "n": 2677
    },
    "QUASI/DEM": {
      "any": 0.8592321755027422,
      "typed": 0.659963436928702,
      "n": 547
    },
    "QUASI/LOC": {
      "any": 1.0,
      "typed": 0.9051918735891648,
      "n": 443
    },
    "QUASI/MISC": {
      "any": 0.7320954907161804,
      "typed": 0.46419098143236076,
      "n": 377
    },
    "QUASI/ORG": {
      "any": 0.8289085545722714,
      "typed": 0.6784660766961652,
      "n": 1017
    },
    "QUASI/PERSON": {
      "any": 0.9947807933194155,
      "typed": 0.9665970772442589,
      "n": 958
    },
    "QUASI/QUANTITY": {
      "any": 0.9631901840490797,
      "typed": 0.9386503067484663,
      "n": 326
    }
  },
  "entity_level_direct_recall": 1.0,
  "precision_proxy": 0.8454655915166244,
  "n_pred": 9053,
  "wall_s": 163.8,
  "gate_pass": true
}