{
  "corpus": "corpora/tab/echr_dev.json",
  "docs": 127,
  "threshold": 0.02,
  "gliner_model": "data/models/pii_gliner_large_balanced/checkpoint-3782",
  "recall": {
    "DIRECT": {
      "any": 1.0,
      "typed": 0.9931506849315068,
      "n": 438
    },
    "QUASI": {
      "any": 0.9628403791183993,
      "typed": 0.8942380021062133,
      "n": 6647
    }
  },
  "recall_by_type": {
    "DIRECT/CODE": {
      "any": 1.0,
      "typed": 0.9936305732484076,
      "n": 157
    },
    "DIRECT/DATETIME": {
      "any": 1.0,
      "typed": 1.0,
      "n": 9
    },
    "DIRECT/MISC": {
      "any": 1.0,
      "typed": 1.0,
      "n": 3
    },
    "DIRECT/ORG": {
      "any": 1.0,
      "typed": 1.0,
      "n": 1
    },
    "DIRECT/PERSON": {
      "any": 1.0,
      "typed": 0.9925373134328358,
      "n": 268
    },
    "QUASI/CODE": {
      "any": 0.9701986754966887,
      "typed": 0.9503311258278145,
      "n": 302
    },
    "QUASI/DATETIME": {
      "any": 1.0,
      "typed": 0.9988793425476279,
      "n": 2677
    },
    "QUASI/DEM": {
      "any": 0.9104204753199269,
      "typed": 0.6946983546617916,
      "n": 547
    },
    "QUASI/LOC": {
      "any": 1.0,
      "typed": 0.9255079006772009,
      "n": 443
    },
    "QUASI/MISC": {
      "any": 0.7639257294429708,
      "typed": 0.5225464190981433,
      "n": 377
    },
    "QUASI/ORG": {
      "any": 0.9105211406096362,
      "typed": 0.7463126843657817,
      "n": 1017
    },
    "QUASI/PERSON": {
      "any": 0.9958246346555324,
      "typed": 0.965553235908142,
      "n": 958
    },
    "QUASI/QUANTITY": {
      "any": 0.9846625766871165,
      "typed": 0.9570552147239264,
      "n": 326
    }
  },
  "entity_level_direct_recall": 1.0,
  "precision_proxy": 0.8328160562797434,
  "n_pred": 9666,
  "wall_s": 135.6,
  "gate_pass": true
}