{
  "corpus": "corpora/tab/echr_dev.json",
  "docs": 127,
  "threshold": 0.2,
  "gliner_model": "data/models/pii_gliner_lora_gapmix/final",
  "recall": {
    "DIRECT": {
      "any": 1.0,
      "typed": 0.9885844748858448,
      "n": 438
    },
    "QUASI": {
      "any": 0.8897246878290959,
      "typed": 0.8277418384233489,
      "n": 6647
    }
  },
  "recall_by_type": {
    "DIRECT/CODE": {
      "any": 1.0,
      "typed": 0.9936305732484076,
      "n": 157
    },
    "DIRECT/DATETIME": {
      "any": 1.0,
      "typed": 1.0,
      "n": 9
    },
    "DIRECT/MISC": {
      "any": 1.0,
      "typed": 0.6666666666666666,
      "n": 3
    },
    "DIRECT/ORG": {
      "any": 1.0,
      "typed": 1.0,
      "n": 1
    },
    "DIRECT/PERSON": {
      "any": 1.0,
      "typed": 0.9888059701492538,
      "n": 268
    },
    "QUASI/CODE": {
      "any": 0.9602649006622517,
      "typed": 0.8874172185430463,
      "n": 302
    },
    "QUASI/DATETIME": {
      "any": 0.999252895031752,
      "typed": 0.999252895031752,
      "n": 2677
    },
    "QUASI/DEM": {
      "any": 0.7385740402193784,
      "typed": 0.5959780621572212,
      "n": 547
    },
    "QUASI/LOC": {
      "any": 0.9932279909706546,
      "typed": 0.9119638826185101,
      "n": 443
    },
    "QUASI/MISC": {
      "any": 0.46419098143236076,
      "typed": 0.23076923076923078,
      "n": 377
    },
    "QUASI/ORG": {
      "any": 0.6833824975417896,
      "typed": 0.5368731563421829,
      "n": 1017
    },
    "QUASI/PERSON": {
      "any": 0.9812108559498957,
      "typed": 0.9488517745302714,
      "n": 958
    },
    "QUASI/QUANTITY": {
      "any": 0.9049079754601227,
      "typed": 0.8803680981595092,
      "n": 326
    }
  },
  "entity_level_direct_recall": 1.0,
  "precision_proxy": 0.9338602329450915,
  "n_pred": 7212,
  "wall_s": 58.8,
  "gate_pass": true
}