{
  "gliner_model": "data/models/pii_gliner_lora_gapmix_p05/final",
  "dataset": "multinerd/en/test",
  "threshold": 0.3,
  "n_sentences": 286,
  "n_gold": 426,
  "overall": {
    "any": 0.931924882629108,
    "typed": 0.8145539906103286
  },
  "precision_proxy": 0.41164241164241167,
  "n_pred": 962,
  "per_type": {
    "ANIM": {
      "any": 0.8759124087591241,
      "typed": 0.708029197080292,
      "n": 137
    },
    "BIO": {
      "any": 1.0,
      "typed": 0.0,
      "n": 2
    },
    "CEL": {
      "any": 1.0,
      "typed": 1.0,
      "n": 2
    },
    "DIS": {
      "any": 0.9764705882352941,
      "typed": 0.9647058823529412,
      "n": 85
    },
    "FOOD": {
      "any": 0.9322033898305084,
      "typed": 0.8135593220338984,
      "n": 59
    },
    "INST": {
      "any": 0.0,
      "typed": 0.0,
      "n": 1
    },
    "MEDIA": {
      "any": 1.0,
      "typed": 0.9622641509433962,
      "n": 53
    },
    "MYTH": {
      "any": 1.0,
      "typed": 1.0,
      "n": 6
    },
    "PLANT": {
      "any": 0.9367088607594937,
      "typed": 0.7468354430379747,
      "n": 79
    },
    "VEHI": {
      "any": 1.0,
      "typed": 1.0,
      "n": 2
    }
  },
  "wall_s": 5.0
}