{
  "corpus": "corpora/tab/echr_dev.json",
  "docs": 127,
  "threshold": 0.05,
  "gliner_model": "data/models/pii_gliner_lora_gapmix/final",
  "recall": {
    "DIRECT": {
      "any": 1.0,
      "typed": 0.9885844748858448,
      "n": 438
    },
    "QUASI": {
      "any": 0.9357604934556943,
      "typed": 0.8676094478712201,
      "n": 6647
    }
  },
  "recall_by_type": {
    "DIRECT/CODE": {
      "any": 1.0,
      "typed": 0.9936305732484076,
      "n": 157
    },
    "DIRECT/DATETIME": {
      "any": 1.0,
      "typed": 1.0,
      "n": 9
    },
    "DIRECT/MISC": {
      "any": 1.0,
      "typed": 1.0,
      "n": 3
    },
    "DIRECT/ORG": {
      "any": 1.0,
      "typed": 1.0,
      "n": 1
    },
    "DIRECT/PERSON": {
      "any": 1.0,
      "typed": 0.9850746268656716,
      "n": 268
    },
    "QUASI/CODE": {
      "any": 0.9701986754966887,
      "typed": 0.8973509933774835,
      "n": 302
    },
    "QUASI/DATETIME": {
      "any": 0.9996264475158759,
      "typed": 0.9996264475158759,
      "n": 2677
    },
    "QUASI/DEM": {
      "any": 0.8756855575868373,
      "typed": 0.6946983546617916,
      "n": 547
    },
    "QUASI/LOC": {
      "any": 0.9954853273137697,
      "typed": 0.909706546275395,
      "n": 443
    },
    "QUASI/MISC": {
      "any": 0.7002652519893899,
      "typed": 0.4244031830238727,
      "n": 377
    },
    "QUASI/ORG": {
      "any": 0.7964601769911505,
      "typed": 0.6519174041297935,
      "n": 1017
    },
    "QUASI/PERSON": {
      "any": 0.9864300626304802,
      "typed": 0.9488517745302714,
      "n": 958
    },
    "QUASI/QUANTITY": {
      "any": 0.9570552147239264,
      "typed": 0.9355828220858896,
      "n": 326
    }
  },
  "entity_level_direct_recall": 1.0,
  "precision_proxy": 0.8945586457073761,
  "n_pred": 8270,
  "wall_s": 62.5,
  "gate_pass": true
}