{
  "gliner_model": "data/models/pii_gliner_lora_gapmix/final",
  "dataset": "multinerd/en/test",
  "threshold": 0.3,
  "n_sentences": 286,
  "n_gold": 426,
  "overall": {
    "any": 0.8356807511737089,
    "typed": 0.6291079812206573
  },
  "precision_proxy": 0.5014005602240896,
  "n_pred": 714,
  "per_type": {
    "ANIM": {
      "any": 0.8175182481751825,
      "typed": 0.635036496350365,
      "n": 137
    },
    "BIO": {
      "any": 1.0,
      "typed": 0.0,
      "n": 2
    },
    "CEL": {
      "any": 1.0,
      "typed": 1.0,
      "n": 2
    },
    "DIS": {
      "any": 0.9058823529411765,
      "typed": 0.8823529411764706,
      "n": 85
    },
    "FOOD": {
      "any": 0.7966101694915254,
      "typed": 0.7457627118644068,
      "n": 59
    },
    "INST": {
      "any": 0.0,
      "typed": 0.0,
      "n": 1
    },
    "MEDIA": {
      "any": 0.9622641509433962,
      "typed": 0.41509433962264153,
      "n": 53
    },
    "MYTH": {
      "any": 1.0,
      "typed": 1.0,
      "n": 6
    },
    "PLANT": {
      "any": 0.7215189873417721,
      "typed": 0.3924050632911392,
      "n": 79
    },
    "VEHI": {
      "any": 1.0,
      "typed": 0.5,
      "n": 2
    }
  },
  "wall_s": 4.8
}