{
  "corpus": "corpora/tab/echr_dev.json",
  "docs": 127,
  "threshold": 0.02,
  "gliner_model": "data/models/pii_gliner_orgsafe_p018/checkpoint-3461",
  "recall": {
    "DIRECT": {
      "any": 1.0,
      "typed": 0.9908675799086758,
      "n": 438
    },
    "QUASI": {
      "any": 0.9622386038814503,
      "typed": 0.8868662554535881,
      "n": 6647
    }
  },
  "recall_by_type": {
    "DIRECT/CODE": {
      "any": 1.0,
      "typed": 0.9936305732484076,
      "n": 157
    },
    "DIRECT/DATETIME": {
      "any": 1.0,
      "typed": 1.0,
      "n": 9
    },
    "DIRECT/MISC": {
      "any": 1.0,
      "typed": 1.0,
      "n": 3
    },
    "DIRECT/ORG": {
      "any": 1.0,
      "typed": 1.0,
      "n": 1
    },
    "DIRECT/PERSON": {
      "any": 1.0,
      "typed": 0.9888059701492538,
      "n": 268
    },
    "QUASI/CODE": {
      "any": 0.9801324503311258,
      "typed": 0.9470198675496688,
      "n": 302
    },
    "QUASI/DATETIME": {
      "any": 1.0,
      "typed": 0.9977586850952559,
      "n": 2677
    },
    "QUASI/DEM": {
      "any": 0.9323583180987203,
      "typed": 0.720292504570384,
      "n": 547
    },
    "QUASI/LOC": {
      "any": 1.0,
      "typed": 0.8984198645598194,
      "n": 443
    },
    "QUASI/MISC": {
      "any": 0.8461538461538461,
      "typed": 0.4907161803713528,
      "n": 377
    },
    "QUASI/ORG": {
      "any": 0.8593903638151426,
      "typed": 0.7286135693215339,
      "n": 1017
    },
    "QUASI/PERSON": {
      "any": 0.9947807933194155,
      "typed": 0.9519832985386222,
      "n": 958
    },
    "QUASI/QUANTITY": {
      "any": 0.9938650306748467,
      "typed": 0.9447852760736196,
      "n": 326
    }
  },
  "entity_level_direct_recall": 1.0,
  "precision_proxy": 0.8272480701022324,
  "n_pred": 9586,
  "wall_s": 46.5,
  "gate_pass": true
}