{
  "corpus": "corpora/tab/echr_dev.json",
  "docs": 127,
  "threshold": 0.2,
  "gliner_model": "data/models/pii_gliner_orgsafe_p018/checkpoint-3461",
  "recall": {
    "DIRECT": {
      "any": 1.0,
      "typed": 0.9885844748858448,
      "n": 438
    },
    "QUASI": {
      "any": 0.8940875582969761,
      "typed": 0.8313524898450428,
      "n": 6647
    }
  },
  "recall_by_type": {
    "DIRECT/CODE": {
      "any": 1.0,
      "typed": 0.9936305732484076,
      "n": 157
    },
    "DIRECT/DATETIME": {
      "any": 1.0,
      "typed": 1.0,
      "n": 9
    },
    "DIRECT/MISC": {
      "any": 1.0,
      "typed": 0.3333333333333333,
      "n": 3
    },
    "DIRECT/ORG": {
      "any": 1.0,
      "typed": 1.0,
      "n": 1
    },
    "DIRECT/PERSON": {
      "any": 1.0,
      "typed": 0.9925373134328358,
      "n": 268
    },
    "QUASI/CODE": {
      "any": 0.9701986754966887,
      "typed": 0.9470198675496688,
      "n": 302
    },
    "QUASI/DATETIME": {
      "any": 0.9996264475158759,
      "typed": 0.9985057900635039,
      "n": 2677
    },
    "QUASI/DEM": {
      "any": 0.7385740402193784,
      "typed": 0.6014625228519196,
      "n": 547
    },
    "QUASI/LOC": {
      "any": 0.9932279909706546,
      "typed": 0.8961625282167043,
      "n": 443
    },
    "QUASI/MISC": {
      "any": 0.46684350132625996,
      "typed": 0.1989389920424403,
      "n": 377
    },
    "QUASI/ORG": {
      "any": 0.6951819075712881,
      "typed": 0.5496558505408063,
      "n": 1017
    },
    "QUASI/PERSON": {
      "any": 0.9864300626304802,
      "typed": 0.9519832985386222,
      "n": 958
    },
    "QUASI/QUANTITY": {
      "any": 0.9263803680981595,
      "typed": 0.9049079754601227,
      "n": 326
    }
  },
  "entity_level_direct_recall": 1.0,
  "precision_proxy": 0.9256074256074256,
  "n_pred": 7326,
  "wall_s": 58.0,
  "gate_pass": true
}