{
  "gliner_model": "data/models/pii_gliner_orgsafe_p018/checkpoint-3461",
  "dataset": "multinerd/en/test",
  "threshold": 0.3,
  "n_sentences": 286,
  "n_gold": 426,
  "overall": {
    "any": 0.892018779342723,
    "typed": 0.7981220657276995
  },
  "precision_proxy": 0.4413472706155633,
  "n_pred": 861,
  "per_type": {
    "ANIM": {
      "any": 0.8321167883211679,
      "typed": 0.7007299270072993,
      "n": 137
    },
    "BIO": {
      "any": 1.0,
      "typed": 0.5,
      "n": 2
    },
    "CEL": {
      "any": 1.0,
      "typed": 1.0,
      "n": 2
    },
    "DIS": {
      "any": 0.9882352941176471,
      "typed": 0.9764705882352941,
      "n": 85
    },
    "FOOD": {
      "any": 0.8983050847457628,
      "typed": 0.7627118644067796,
      "n": 59
    },
    "INST": {
      "any": 0.0,
      "typed": 0.0,
      "n": 1
    },
    "MEDIA": {
      "any": 0.9622641509433962,
      "typed": 0.9433962264150944,
      "n": 53
    },
    "MYTH": {
      "any": 1.0,
      "typed": 1.0,
      "n": 6
    },
    "PLANT": {
      "any": 0.8354430379746836,
      "typed": 0.6962025316455697,
      "n": 79
    },
    "VEHI": {
      "any": 1.0,
      "typed": 1.0,
      "n": 2
    }
  },
  "wall_s": 4.8
}