{
  "corpus": "corpora/tab/echr_dev.json",
  "docs": 127,
  "threshold": 0.05,
  "gliner_model": "data/models/pii_gliner_orgsafe_p018/checkpoint-6922",
  "recall": {
    "DIRECT": {
      "any": 1.0,
      "typed": 0.9908675799086758,
      "n": 438
    },
    "QUASI": {
      "any": 0.9241763201444261,
      "typed": 0.8575297126523244,
      "n": 6647
    }
  },
  "recall_by_type": {
    "DIRECT/CODE": {
      "any": 1.0,
      "typed": 0.9936305732484076,
      "n": 157
    },
    "DIRECT/DATETIME": {
      "any": 1.0,
      "typed": 1.0,
      "n": 9
    },
    "DIRECT/MISC": {
      "any": 1.0,
      "typed": 1.0,
      "n": 3
    },
    "DIRECT/ORG": {
      "any": 1.0,
      "typed": 1.0,
      "n": 1
    },
    "DIRECT/PERSON": {
      "any": 1.0,
      "typed": 0.9888059701492538,
      "n": 268
    },
    "QUASI/CODE": {
      "any": 0.9701986754966887,
      "typed": 0.9139072847682119,
      "n": 302
    },
    "QUASI/DATETIME": {
      "any": 0.9996264475158759,
      "typed": 0.9985057900635039,
      "n": 2677
    },
    "QUASI/DEM": {
      "any": 0.8153564899451554,
      "typed": 0.6508226691042047,
      "n": 547
    },
    "QUASI/LOC": {
      "any": 0.9954853273137697,
      "typed": 0.9142212189616253,
      "n": 443
    },
    "QUASI/MISC": {
      "any": 0.6657824933687002,
      "typed": 0.3925729442970822,
      "n": 377
    },
    "QUASI/ORG": {
      "any": 0.7649950835791544,
      "typed": 0.6106194690265486,
      "n": 1017
    },
    "QUASI/PERSON": {
      "any": 0.9895615866388309,
      "typed": 0.9582463465553236,
      "n": 958
    },
    "QUASI/QUANTITY": {
      "any": 0.950920245398773,
      "typed": 0.9294478527607362,
      "n": 326
    }
  },
  "entity_level_direct_recall": 1.0,
  "precision_proxy": 0.9025059219548685,
  "n_pred": 8021,
  "wall_s": 46.5,
  "gate_pass": true
}