{
  "corpus": "corpora/tab/echr_test.json",
  "docs": 127,
  "threshold": 0.02,
  "gliner_model": "data/models/pii_gliner_orgsafe_p018/checkpoint-3461",
  "recall": {
    "DIRECT": {
      "any": 1.0,
      "typed": 0.9877149877149877,
      "n": 407
    },
    "QUASI": {
      "any": 0.9733292458614347,
      "typed": 0.898068669527897,
      "n": 6524
    }
  },
  "recall_by_type": {
    "DIRECT/CODE": {
      "any": 1.0,
      "typed": 0.9793103448275862,
      "n": 145
    },
    "DIRECT/DATETIME": {
      "any": 1.0,
      "typed": 1.0,
      "n": 5
    },
    "DIRECT/ORG": {
      "any": 1.0,
      "typed": 0.8333333333333334,
      "n": 6
    },
    "DIRECT/PERSON": {
      "any": 1.0,
      "typed": 0.9960159362549801,
      "n": 251
    },
    "QUASI/CODE": {
      "any": 0.9902912621359223,
      "typed": 0.941747572815534,
      "n": 206
    },
    "QUASI/DATETIME": {
      "any": 1.0,
      "typed": 0.9922879177377892,
      "n": 2723
    },
    "QUASI/DEM": {
      "any": 0.9430379746835443,
      "typed": 0.740506329113924,
      "n": 474
    },
    "QUASI/LOC": {
      "any": 0.9919028340080972,
      "typed": 0.9089068825910931,
      "n": 494
    },
    "QUASI/MISC": {
      "any": 0.8686131386861314,
      "typed": 0.5036496350364964,
      "n": 411
    },
    "QUASI/ORG": {
      "any": 0.9263456090651558,
      "typed": 0.785646836638338,
      "n": 1059
    },
    "QUASI/PERSON": {
      "any": 0.996551724137931,
      "typed": 0.9839080459770115,
      "n": 870
    },
    "QUASI/QUANTITY": {
      "any": 0.9790940766550522,
      "typed": 0.9337979094076655,
      "n": 287
    }
  },
  "entity_level_direct_recall": 1.0,
  "precision_proxy": 0.8404961375258405,
  "n_pred": 9191,
  "wall_s": 45.0,
  "gate_pass": true
}