{
  "corpus": "corpora/tab/echr_dev.json",
  "docs": 127,
  "threshold": 0.02,
  "gliner_model": "data/models/pii_gliner_orgsafe_p018/checkpoint-10383",
  "recall": {
    "DIRECT": {
      "any": 1.0,
      "typed": 0.9908675799086758,
      "n": 438
    },
    "QUASI": {
      "any": 0.9556190762750113,
      "typed": 0.8829547164134196,
      "n": 6647
    }
  },
  "recall_by_type": {
    "DIRECT/CODE": {
      "any": 1.0,
      "typed": 0.9936305732484076,
      "n": 157
    },
    "DIRECT/DATETIME": {
      "any": 1.0,
      "typed": 1.0,
      "n": 9
    },
    "DIRECT/MISC": {
      "any": 1.0,
      "typed": 1.0,
      "n": 3
    },
    "DIRECT/ORG": {
      "any": 1.0,
      "typed": 1.0,
      "n": 1
    },
    "DIRECT/PERSON": {
      "any": 1.0,
      "typed": 0.9888059701492538,
      "n": 268
    },
    "QUASI/CODE": {
      "any": 0.9834437086092715,
      "typed": 0.9205298013245033,
      "n": 302
    },
    "QUASI/DATETIME": {
      "any": 0.9996264475158759,
      "typed": 0.9981322375793799,
      "n": 2677
    },
    "QUASI/DEM": {
      "any": 0.9140767824497258,
      "typed": 0.6855575868372943,
      "n": 547
    },
    "QUASI/LOC": {
      "any": 0.9977426636568849,
      "typed": 0.90744920993228,
      "n": 443
    },
    "QUASI/MISC": {
      "any": 0.8090185676392573,
      "typed": 0.5437665782493368,
      "n": 377
    },
    "QUASI/ORG": {
      "any": 0.8426745329400197,
      "typed": 0.7000983284169124,
      "n": 1017
    },
    "QUASI/PERSON": {
      "any": 0.9937369519832986,
      "typed": 0.9561586638830898,
      "n": 958
    },
    "QUASI/QUANTITY": {
      "any": 0.99079754601227,
      "typed": 0.9478527607361963,
      "n": 326
    }
  },
  "entity_level_direct_recall": 1.0,
  "precision_proxy": 0.8553687218375645,
  "n_pred": 9099,
  "wall_s": 46.3,
  "gate_pass": true
}