{
  "corpus": "corpora/tab/echr_dev.json",
  "docs": 127,
  "threshold": 0.2,
  "gliner_model": "data/models/pii_gliner_orgsafe_p018/checkpoint-10383",
  "recall": {
    "DIRECT": {
      "any": 1.0,
      "typed": 0.9931506849315068,
      "n": 438
    },
    "QUASI": {
      "any": 0.8910786821122311,
      "typed": 0.8299984955619076,
      "n": 6647
    }
  },
  "recall_by_type": {
    "DIRECT/CODE": {
      "any": 1.0,
      "typed": 0.9936305732484076,
      "n": 157
    },
    "DIRECT/DATETIME": {
      "any": 1.0,
      "typed": 1.0,
      "n": 9
    },
    "DIRECT/MISC": {
      "any": 1.0,
      "typed": 1.0,
      "n": 3
    },
    "DIRECT/ORG": {
      "any": 1.0,
      "typed": 1.0,
      "n": 1
    },
    "DIRECT/PERSON": {
      "any": 1.0,
      "typed": 0.9925373134328358,
      "n": 268
    },
    "QUASI/CODE": {
      "any": 0.9602649006622517,
      "typed": 0.8973509933774835,
      "n": 302
    },
    "QUASI/DATETIME": {
      "any": 0.9996264475158759,
      "typed": 0.9985057900635039,
      "n": 2677
    },
    "QUASI/DEM": {
      "any": 0.7038391224862889,
      "typed": 0.5648994515539305,
      "n": 547
    },
    "QUASI/LOC": {
      "any": 0.9932279909706546,
      "typed": 0.909706546275395,
      "n": 443
    },
    "QUASI/MISC": {
      "any": 0.5092838196286472,
      "typed": 0.29442970822281167,
      "n": 377
    },
    "QUASI/ORG": {
      "any": 0.6873156342182891,
      "typed": 0.5368731563421829,
      "n": 1017
    },
    "QUASI/PERSON": {
      "any": 0.9864300626304802,
      "typed": 0.9551148225469729,
      "n": 958
    },
    "QUASI/QUANTITY": {
      "any": 0.9079754601226994,
      "typed": 0.8865030674846626,
      "n": 326
    }
  },
  "entity_level_direct_recall": 1.0,
  "precision_proxy": 0.9286499862524058,
  "n_pred": 7274,
  "wall_s": 46.5,
  "gate_pass": true
}