{
  "corpus": "corpora/tab/echr_dev.json",
  "docs": 127,
  "threshold": 0.2,
  "gliner_model": "data/models/pii_gliner_orgsafe_p018/checkpoint-6922",
  "recall": {
    "DIRECT": {
      "any": 1.0,
      "typed": 0.9931506849315068,
      "n": 438
    },
    "QUASI": {
      "any": 0.8812998345118098,
      "typed": 0.8193169851060629,
      "n": 6647
    }
  },
  "recall_by_type": {
    "DIRECT/CODE": {
      "any": 1.0,
      "typed": 0.9936305732484076,
      "n": 157
    },
    "DIRECT/DATETIME": {
      "any": 1.0,
      "typed": 1.0,
      "n": 9
    },
    "DIRECT/MISC": {
      "any": 1.0,
      "typed": 1.0,
      "n": 3
    },
    "DIRECT/ORG": {
      "any": 1.0,
      "typed": 1.0,
      "n": 1
    },
    "DIRECT/PERSON": {
      "any": 1.0,
      "typed": 0.9925373134328358,
      "n": 268
    },
    "QUASI/CODE": {
      "any": 0.9602649006622517,
      "typed": 0.9039735099337748,
      "n": 302
    },
    "QUASI/DATETIME": {
      "any": 0.9996264475158759,
      "typed": 0.9985057900635039,
      "n": 2677
    },
    "QUASI/DEM": {
      "any": 0.680073126142596,
      "typed": 0.5575868372943327,
      "n": 547
    },
    "QUASI/LOC": {
      "any": 0.9932279909706546,
      "typed": 0.9164785553047404,
      "n": 443
    },
    "QUASI/MISC": {
      "any": 0.4562334217506631,
      "typed": 0.21220159151193635,
      "n": 377
    },
    "QUASI/ORG": {
      "any": 0.6764995083579154,
      "typed": 0.512291052114061,
      "n": 1017
    },
    "QUASI/PERSON": {
      "any": 0.9822546972860126,
      "typed": 0.9561586638830898,
      "n": 958
    },
    "QUASI/QUANTITY": {
      "any": 0.8558282208588958,
      "typed": 0.8343558282208589,
      "n": 326
    }
  },
  "entity_level_direct_recall": 1.0,
  "precision_proxy": 0.9398240136247517,
  "n_pred": 7046,
  "wall_s": 46.3,
  "gate_pass": true
}