{
  "corpus": "corpora/tab/echr_dev.json",
  "docs": 127,
  "threshold": 0.05,
  "gliner_model": "data/models/pii_gliner_orgsafe_p018/checkpoint-3461",
  "recall": {
    "DIRECT": {
      "any": 1.0,
      "typed": 0.9908675799086758,
      "n": 438
    },
    "QUASI": {
      "any": 0.9377162629757786,
      "typed": 0.868812998345118,
      "n": 6647
    }
  },
  "recall_by_type": {
    "DIRECT/CODE": {
      "any": 1.0,
      "typed": 0.9936305732484076,
      "n": 157
    },
    "DIRECT/DATETIME": {
      "any": 1.0,
      "typed": 1.0,
      "n": 9
    },
    "DIRECT/MISC": {
      "any": 1.0,
      "typed": 1.0,
      "n": 3
    },
    "DIRECT/ORG": {
      "any": 1.0,
      "typed": 1.0,
      "n": 1
    },
    "DIRECT/PERSON": {
      "any": 1.0,
      "typed": 0.9888059701492538,
      "n": 268
    },
    "QUASI/CODE": {
      "any": 0.9768211920529801,
      "typed": 0.9470198675496688,
      "n": 302
    },
    "QUASI/DATETIME": {
      "any": 0.9996264475158759,
      "typed": 0.9977586850952559,
      "n": 2677
    },
    "QUASI/DEM": {
      "any": 0.8555758683729433,
      "typed": 0.6782449725776966,
      "n": 547
    },
    "QUASI/LOC": {
      "any": 0.9954853273137697,
      "typed": 0.8961625282167043,
      "n": 443
    },
    "QUASI/MISC": {
      "any": 0.7188328912466844,
      "typed": 0.40583554376657827,
      "n": 377
    },
    "QUASI/ORG": {
      "any": 0.8033431661750245,
      "typed": 0.6696165191740413,
      "n": 1017
    },
    "QUASI/PERSON": {
      "any": 0.9916492693110647,
      "typed": 0.9519832985386222,
      "n": 958
    },
    "QUASI/QUANTITY": {
      "any": 0.9662576687116564,
      "typed": 0.9325153374233128,
      "n": 326
    }
  },
  "entity_level_direct_recall": 1.0,
  "precision_proxy": 0.8731650029359953,
  "n_pred": 8515,
  "wall_s": 57.7,
  "gate_pass": true
}