{
  "gliner_model": "urchade/gliner_small-v2.1",
  "dataset": "multinerd/en/test",
  "threshold": 0.3,
  "n_sentences": 2896,
  "n_gold": 4406,
  "overall": {
    "any": 0.8452110758057195,
    "typed": 0.7321833862914208
  },
  "precision_proxy": 0.5153195619021211,
  "n_pred": 7213,
  "per_type": {
    "ANIM": {
      "any": 0.9189526184538653,
      "typed": 0.8273067331670823,
      "n": 1604
    },
    "BIO": {
      "any": 1.0,
      "typed": 0.875,
      "n": 8
    },
    "CEL": {
      "any": 0.8780487804878049,
      "typed": 0.8292682926829268,
      "n": 41
    },
    "DIS": {
      "any": 0.8603425559947299,
      "typed": 0.847167325428195,
      "n": 759
    },
    "FOOD": {
      "any": 0.7703180212014135,
      "typed": 0.6360424028268551,
      "n": 566
    },
    "INST": {
      "any": 0.5,
      "typed": 0.3333333333333333,
      "n": 12
    },
    "MEDIA": {
      "any": 0.611353711790393,
      "typed": 0.3864628820960699,
      "n": 458
    },
    "MYTH": {
      "any": 1.0,
      "typed": 0.96875,
      "n": 32
    },
    "PLANT": {
      "any": 0.8624161073825504,
      "typed": 0.7002237136465325,
      "n": 894
    },
    "VEHI": {
      "any": 0.875,
      "typed": 0.53125,
      "n": 32
    }
  },
  "wall_s": 31.6
}