{
  "gliner_model": "data/models/pii_gliner_multidomain/checkpoint-2479",
  "dataset": "multinerd/en/test",
  "threshold": 0.3,
  "n_sentences": 2896,
  "n_gold": 4406,
  "overall": {
    "any": 0.8722197004085338,
    "typed": 0.7571493418066273
  },
  "precision_proxy": 0.4598828171708717,
  "n_pred": 8363,
  "per_type": {
    "ANIM": {
      "any": 0.8703241895261845,
      "typed": 0.7356608478802993,
      "n": 1604
    },
    "BIO": {
      "any": 1.0,
      "typed": 0.25,
      "n": 8
    },
    "CEL": {
      "any": 0.9024390243902439,
      "typed": 0.7804878048780488,
      "n": 41
    },
    "DIS": {
      "any": 0.9354413702239789,
      "typed": 0.9235836627140975,
      "n": 759
    },
    "FOOD": {
      "any": 0.8374558303886925,
      "typed": 0.6166077738515902,
      "n": 566
    },
    "INST": {
      "any": 0.8333333333333334,
      "typed": 0.6666666666666666,
      "n": 12
    },
    "MEDIA": {
      "any": 0.8493449781659389,
      "typed": 0.7074235807860262,
      "n": 458
    },
    "MYTH": {
      "any": 1.0,
      "typed": 0.90625,
      "n": 32
    },
    "PLANT": {
      "any": 0.8467561521252797,
      "typed": 0.772930648769575,
      "n": 894
    },
    "VEHI": {
      "any": 0.9375,
      "typed": 0.625,
      "n": 32
    }
  },
  "wall_s": 39.9
}