{
  "gliner_model": "data/models/pii_gliner/checkpoint-2756",
  "dataset": "multinerd/en/test",
  "threshold": 0.3,
  "n_sentences": 2896,
  "n_gold": 4406,
  "overall": {
    "any": 0.8349977303676804,
    "typed": 0.7162959600544712
  },
  "precision_proxy": 0.5729603729603729,
  "n_pred": 6435,
  "per_type": {
    "ANIM": {
      "any": 0.871571072319202,
      "typed": 0.7456359102244389,
      "n": 1604
    },
    "BIO": {
      "any": 1.0,
      "typed": 0.25,
      "n": 8
    },
    "CEL": {
      "any": 0.7560975609756098,
      "typed": 0.6829268292682927,
      "n": 41
    },
    "DIS": {
      "any": 0.8313570487483531,
      "typed": 0.8142292490118577,
      "n": 759
    },
    "FOOD": {
      "any": 0.7102473498233216,
      "typed": 0.568904593639576,
      "n": 566
    },
    "INST": {
      "any": 0.5833333333333334,
      "typed": 0.16666666666666666,
      "n": 12
    },
    "MEDIA": {
      "any": 0.8930131004366813,
      "typed": 0.62882096069869,
      "n": 458
    },
    "MYTH": {
      "any": 1.0,
      "typed": 0.9375,
      "n": 32
    },
    "PLANT": {
      "any": 0.8187919463087249,
      "typed": 0.7248322147651006,
      "n": 894
    },
    "VEHI": {
      "any": 0.90625,
      "typed": 0.6875,
      "n": 32
    }
  },
  "wall_s": 39.9
}