{
  "gliner_model": "urchade/gliner_multi_pii-v1",
  "dataset": "multinerd/en/test",
  "threshold": 0.3,
  "n_sentences": 2896,
  "n_gold": 4406,
  "overall": {
    "any": 0.8300045392646391,
    "typed": 0.7231048570131638
  },
  "precision_proxy": 0.5480252036268634,
  "n_pred": 6507,
  "per_type": {
    "ANIM": {
      "any": 0.8958852867830424,
      "typed": 0.7955112219451371,
      "n": 1604
    },
    "BIO": {
      "any": 0.875,
      "typed": 0.75,
      "n": 8
    },
    "CEL": {
      "any": 0.7073170731707317,
      "typed": 0.6829268292682927,
      "n": 41
    },
    "DIS": {
      "any": 0.8326745718050066,
      "typed": 0.8168642951251647,
      "n": 759
    },
    "FOOD": {
      "any": 0.784452296819788,
      "typed": 0.6024734982332155,
      "n": 566
    },
    "INST": {
      "any": 0.5,
      "typed": 0.08333333333333333,
      "n": 12
    },
    "MEDIA": {
      "any": 0.6091703056768559,
      "typed": 0.4388646288209607,
      "n": 458
    },
    "MYTH": {
      "any": 0.96875,
      "typed": 0.84375,
      "n": 32
    },
    "PLANT": {
      "any": 0.854586129753915,
      "typed": 0.738255033557047,
      "n": 894
    },
    "VEHI": {
      "any": 0.875,
      "typed": 0.8125,
      "n": 32
    }
  },
  "wall_s": 64.2
}