{
  "gliner_model": "knowledgator/gliner-pii-base-v1.0",
  "dataset": "multinerd/en/test",
  "threshold": 0.3,
  "n_sentences": 2896,
  "n_gold": 4406,
  "overall": {
    "any": 0.9412165229232864,
    "typed": 0.8209260099863822
  },
  "precision_proxy": 0.4460239418554938,
  "n_pred": 9356,
  "per_type": {
    "ANIM": {
      "any": 0.9519950124688279,
      "typed": 0.7955112219451371,
      "n": 1604
    },
    "BIO": {
      "any": 1.0,
      "typed": 0.375,
      "n": 8
    },
    "CEL": {
      "any": 0.926829268292683,
      "typed": 0.8780487804878049,
      "n": 41
    },
    "DIS": {
      "any": 0.9420289855072463,
      "typed": 0.922266139657444,
      "n": 759
    },
    "FOOD": {
      "any": 0.9204946996466431,
      "typed": 0.6607773851590106,
      "n": 566
    },
    "INST": {
      "any": 0.9166666666666666,
      "typed": 0.08333333333333333,
      "n": 12
    },
    "MEDIA": {
      "any": 0.9192139737991266,
      "typed": 0.851528384279476,
      "n": 458
    },
    "MYTH": {
      "any": 1.0,
      "typed": 0.9375,
      "n": 32
    },
    "PLANT": {
      "any": 0.941834451901566,
      "typed": 0.8736017897091722,
      "n": 894
    },
    "VEHI": {
      "any": 1.0,
      "typed": 0.8125,
      "n": 32
    }
  },
  "wall_s": 39.9
}