{
  "gliner_model": "knowledgator/gliner-pii-large-v1.0",
  "dataset": "multinerd/en/test",
  "threshold": 0.3,
  "n_sentences": 286,
  "n_gold": 426,
  "overall": {
    "any": 0.8943661971830986,
    "typed": 0.823943661971831
  },
  "precision_proxy": 0.5276243093922652,
  "n_pred": 724,
  "per_type": {
    "ANIM": {
      "any": 0.8248175182481752,
      "typed": 0.7153284671532847,
      "n": 137
    },
    "BIO": {
      "any": 1.0,
      "typed": 1.0,
      "n": 2
    },
    "CEL": {
      "any": 1.0,
      "typed": 1.0,
      "n": 2
    },
    "DIS": {
      "any": 0.9411764705882353,
      "typed": 0.9411764705882353,
      "n": 85
    },
    "FOOD": {
      "any": 0.8813559322033898,
      "typed": 0.8135593220338984,
      "n": 59
    },
    "INST": {
      "any": 0.0,
      "typed": 0.0,
      "n": 1
    },
    "MEDIA": {
      "any": 1.0,
      "typed": 0.9811320754716981,
      "n": 53
    },
    "MYTH": {
      "any": 1.0,
      "typed": 1.0,
      "n": 6
    },
    "PLANT": {
      "any": 0.8987341772151899,
      "typed": 0.7721518987341772,
      "n": 79
    },
    "VEHI": {
      "any": 1.0,
      "typed": 1.0,
      "n": 2
    }
  },
  "wall_s": 23.6
}