{
  "gliner_model": "knowledgator/gliner-pii-base-v1.0",
  "dataset": "multinerd/en/test",
  "threshold": 0.3,
  "n_sentences": 286,
  "n_gold": 426,
  "overall": {
    "any": 0.9248826291079812,
    "typed": 0.7934272300469484
  },
  "precision_proxy": 0.4206602768903088,
  "n_pred": 939,
  "per_type": {
    "ANIM": {
      "any": 0.8832116788321168,
      "typed": 0.708029197080292,
      "n": 137
    },
    "BIO": {
      "any": 1.0,
      "typed": 0.0,
      "n": 2
    },
    "CEL": {
      "any": 1.0,
      "typed": 1.0,
      "n": 2
    },
    "DIS": {
      "any": 0.9647058823529412,
      "typed": 0.9411764705882353,
      "n": 85
    },
    "FOOD": {
      "any": 0.9661016949152542,
      "typed": 0.6949152542372882,
      "n": 59
    },
    "INST": {
      "any": 1.0,
      "typed": 0.0,
      "n": 1
    },
    "MEDIA": {
      "any": 0.9622641509433962,
      "typed": 0.8490566037735849,
      "n": 53
    },
    "MYTH": {
      "any": 1.0,
      "typed": 1.0,
      "n": 6
    },
    "PLANT": {
      "any": 0.8860759493670886,
      "typed": 0.8227848101265823,
      "n": 79
    },
    "VEHI": {
      "any": 1.0,
      "typed": 1.0,
      "n": 2
    }
  },
  "wall_s": 4.9
}