{
  "corpus": "corpora/tab/echr_dev.json",
  "docs": 127,
  "threshold": 0.3,
  "gliner_model": "data/models/pii_gliner_multidomain/checkpoint-4958",
  "recall": {
    "DIRECT": {
      "any": 0.9954337899543378,
      "typed": 0.9885844748858448,
      "n": 438
    },
    "QUASI": {
      "any": 0.8578306002707988,
      "typed": 0.7996088460959832,
      "n": 6647
    }
  },
  "recall_by_type": {
    "DIRECT/CODE": {
      "any": 1.0,
      "typed": 0.9936305732484076,
      "n": 157
    },
    "DIRECT/DATETIME": {
      "any": 1.0,
      "typed": 1.0,
      "n": 9
    },
    "DIRECT/MISC": {
      "any": 0.6666666666666666,
      "typed": 0.0,
      "n": 3
    },
    "DIRECT/ORG": {
      "any": 1.0,
      "typed": 1.0,
      "n": 1
    },
    "DIRECT/PERSON": {
      "any": 0.996268656716418,
      "typed": 0.996268656716418,
      "n": 268
    },
    "QUASI/CODE": {
      "any": 0.9602649006622517,
      "typed": 0.8807947019867549,
      "n": 302
    },
    "QUASI/DATETIME": {
      "any": 0.9985057900635039,
      "typed": 0.9981322375793799,
      "n": 2677
    },
    "QUASI/DEM": {
      "any": 0.6471663619744058,
      "typed": 0.5009140767824497,
      "n": 547
    },
    "QUASI/LOC": {
      "any": 0.9932279909706546,
      "typed": 0.9232505643340858,
      "n": 443
    },
    "QUASI/MISC": {
      "any": 0.35278514588859416,
      "typed": 0.1856763925729443,
      "n": 377
    },
    "QUASI/ORG": {
      "any": 0.5988200589970502,
      "typed": 0.4473942969518191,
      "n": 1017
    },
    "QUASI/PERSON": {
      "any": 0.9791231732776617,
      "typed": 0.9519832985386222,
      "n": 958
    },
    "QUASI/QUANTITY": {
      "any": 0.8128834355828221,
      "typed": 0.7883435582822086,
      "n": 326
    }
  },
  "entity_level_direct_recall": 0.9936708860759493,
  "precision_proxy": 0.9456473707467963,
  "n_pred": 6789,
  "wall_s": 46.2,
  "gate_pass": true
}