{
  "corpus": "corpora/tab/echr_dev.json",
  "docs": 127,
  "threshold": 0.3,
  "gliner_model": "data/models/pii_gliner_multidomain/checkpoint-7437",
  "recall": {
    "DIRECT": {
      "any": 0.9954337899543378,
      "typed": 0.9885844748858448,
      "n": 438
    },
    "QUASI": {
      "any": 0.8713705431021513,
      "typed": 0.8107416879795396,
      "n": 6647
    }
  },
  "recall_by_type": {
    "DIRECT/CODE": {
      "any": 1.0,
      "typed": 0.9936305732484076,
      "n": 157
    },
    "DIRECT/DATETIME": {
      "any": 1.0,
      "typed": 1.0,
      "n": 9
    },
    "DIRECT/MISC": {
      "any": 0.6666666666666666,
      "typed": 0.0,
      "n": 3
    },
    "DIRECT/ORG": {
      "any": 1.0,
      "typed": 1.0,
      "n": 1
    },
    "DIRECT/PERSON": {
      "any": 0.996268656716418,
      "typed": 0.996268656716418,
      "n": 268
    },
    "QUASI/CODE": {
      "any": 0.9602649006622517,
      "typed": 0.8940397350993378,
      "n": 302
    },
    "QUASI/DATETIME": {
      "any": 0.999252895031752,
      "typed": 0.9988793425476279,
      "n": 2677
    },
    "QUASI/DEM": {
      "any": 0.680073126142596,
      "typed": 0.5301645338208409,
      "n": 547
    },
    "QUASI/LOC": {
      "any": 0.9909706546275395,
      "typed": 0.9187358916478555,
      "n": 443
    },
    "QUASI/MISC": {
      "any": 0.3660477453580902,
      "typed": 0.16445623342175067,
      "n": 377
    },
    "QUASI/ORG": {
      "any": 0.6430678466076696,
      "typed": 0.4896755162241888,
      "n": 1017
    },
    "QUASI/PERSON": {
      "any": 0.9812108559498957,
      "typed": 0.9519832985386222,
      "n": 958
    },
    "QUASI/QUANTITY": {
      "any": 0.8711656441717791,
      "typed": 0.8466257668711656,
      "n": 326
    }
  },
  "entity_level_direct_recall": 0.9936708860759493,
  "precision_proxy": 0.9453011347105034,
  "n_pred": 6874,
  "wall_s": 46.2,
  "gate_pass": true
}