{
  "corpus": "corpora/tab/echr_dev.json",
  "docs": 127,
  "threshold": 0.2,
  "gliner_model": "data/models/pii_gliner_multidomain/checkpoint-7437",
  "recall": {
    "DIRECT": {
      "any": 0.9954337899543378,
      "typed": 0.9908675799086758,
      "n": 438
    },
    "QUASI": {
      "any": 0.8885211373551979,
      "typed": 0.8250338498570784,
      "n": 6647
    }
  },
  "recall_by_type": {
    "DIRECT/CODE": {
      "any": 1.0,
      "typed": 0.9936305732484076,
      "n": 157
    },
    "DIRECT/DATETIME": {
      "any": 1.0,
      "typed": 1.0,
      "n": 9
    },
    "DIRECT/MISC": {
      "any": 0.6666666666666666,
      "typed": 0.3333333333333333,
      "n": 3
    },
    "DIRECT/ORG": {
      "any": 1.0,
      "typed": 1.0,
      "n": 1
    },
    "DIRECT/PERSON": {
      "any": 0.996268656716418,
      "typed": 0.996268656716418,
      "n": 268
    },
    "QUASI/CODE": {
      "any": 0.9602649006622517,
      "typed": 0.8940397350993378,
      "n": 302
    },
    "QUASI/DATETIME": {
      "any": 0.9996264475158759,
      "typed": 0.999252895031752,
      "n": 2677
    },
    "QUASI/DEM": {
      "any": 0.7221206581352834,
      "typed": 0.5648994515539305,
      "n": 547
    },
    "QUASI/LOC": {
      "any": 0.9932279909706546,
      "typed": 0.9164785553047404,
      "n": 443
    },
    "QUASI/MISC": {
      "any": 0.46684350132625996,
      "typed": 0.2440318302387268,
      "n": 377
    },
    "QUASI/ORG": {
      "any": 0.672566371681416,
      "typed": 0.5172074729596854,
      "n": 1017
    },
    "QUASI/PERSON": {
      "any": 0.9843423799582464,
      "typed": 0.9519832985386222,
      "n": 958
    },
    "QUASI/QUANTITY": {
      "any": 0.9263803680981595,
      "typed": 0.901840490797546,
      "n": 326
    }
  },
  "entity_level_direct_recall": 0.9936708860759493,
  "precision_proxy": 0.9354160829363968,
  "n_pred": 7138,
  "wall_s": 46.2,
  "gate_pass": true
}