{
  "corpus": "corpora/tab/echr_dev.json",
  "docs": 127,
  "threshold": 0.2,
  "gliner_model": "data/models/pii_gliner_multidomain/checkpoint-2479",
  "recall": {
    "DIRECT": {
      "any": 0.9954337899543378,
      "typed": 0.9863013698630136,
      "n": 438
    },
    "QUASI": {
      "any": 0.8930344516323153,
      "typed": 0.8194674289153001,
      "n": 6647
    }
  },
  "recall_by_type": {
    "DIRECT/CODE": {
      "any": 1.0,
      "typed": 0.9936305732484076,
      "n": 157
    },
    "DIRECT/DATETIME": {
      "any": 1.0,
      "typed": 1.0,
      "n": 9
    },
    "DIRECT/MISC": {
      "any": 0.6666666666666666,
      "typed": 0.0,
      "n": 3
    },
    "DIRECT/ORG": {
      "any": 1.0,
      "typed": 1.0,
      "n": 1
    },
    "DIRECT/PERSON": {
      "any": 0.996268656716418,
      "typed": 0.9925373134328358,
      "n": 268
    },
    "QUASI/CODE": {
      "any": 0.9602649006622517,
      "typed": 0.9006622516556292,
      "n": 302
    },
    "QUASI/DATETIME": {
      "any": 0.9996264475158759,
      "typed": 0.999252895031752,
      "n": 2677
    },
    "QUASI/DEM": {
      "any": 0.7915904936014625,
      "typed": 0.6325411334552102,
      "n": 547
    },
    "QUASI/LOC": {
      "any": 0.9887133182844243,
      "typed": 0.8781038374717833,
      "n": 443
    },
    "QUASI/MISC": {
      "any": 0.4880636604774536,
      "typed": 0.11936339522546419,
      "n": 377
    },
    "QUASI/ORG": {
      "any": 0.6823992133726647,
      "typed": 0.5221238938053098,
      "n": 1017
    },
    "QUASI/PERSON": {
      "any": 0.965553235908142,
      "typed": 0.9394572025052192,
      "n": 958
    },
    "QUASI/QUANTITY": {
      "any": 0.9079754601226994,
      "typed": 0.8865030674846626,
      "n": 326
    }
  },
  "entity_level_direct_recall": 0.9936708860759493,
  "precision_proxy": 0.9250550055005501,
  "n_pred": 7272,
  "wall_s": 46.1,
  "gate_pass": true
}