{
  "corpus": "corpora/tab/echr_dev.json",
  "docs": 127,
  "threshold": 0.05,
  "gliner_model": "data/models/pii_gliner_multidomain/checkpoint-4958",
  "recall": {
    "DIRECT": {
      "any": 1.0,
      "typed": 0.9931506849315068,
      "n": 438
    },
    "QUASI": {
      "any": 0.924778095381375,
      "typed": 0.8596359259816458,
      "n": 6647
    }
  },
  "recall_by_type": {
    "DIRECT/CODE": {
      "any": 1.0,
      "typed": 0.9936305732484076,
      "n": 157
    },
    "DIRECT/DATETIME": {
      "any": 1.0,
      "typed": 1.0,
      "n": 9
    },
    "DIRECT/MISC": {
      "any": 1.0,
      "typed": 0.6666666666666666,
      "n": 3
    },
    "DIRECT/ORG": {
      "any": 1.0,
      "typed": 1.0,
      "n": 1
    },
    "DIRECT/PERSON": {
      "any": 1.0,
      "typed": 0.996268656716418,
      "n": 268
    },
    "QUASI/CODE": {
      "any": 0.9701986754966887,
      "typed": 0.890728476821192,
      "n": 302
    },
    "QUASI/DATETIME": {
      "any": 0.9996264475158759,
      "typed": 0.9988793425476279,
      "n": 2677
    },
    "QUASI/DEM": {
      "any": 0.8336380255941499,
      "typed": 0.6361974405850092,
      "n": 547
    },
    "QUASI/LOC": {
      "any": 1.0,
      "typed": 0.927765237020316,
      "n": 443
    },
    "QUASI/MISC": {
      "any": 0.6525198938992043,
      "typed": 0.4350132625994695,
      "n": 377
    },
    "QUASI/ORG": {
      "any": 0.76007866273353,
      "typed": 0.6194690265486725,
      "n": 1017
    },
    "QUASI/PERSON": {
      "any": 0.9895615866388309,
      "typed": 0.954070981210856,
      "n": 958
    },
    "QUASI/QUANTITY": {
      "any": 0.9570552147239264,
      "typed": 0.9325153374233128,
      "n": 326
    }
  },
  "entity_level_direct_recall": 1.0,
  "precision_proxy": 0.8963550706669973,
  "n_pred": 8066,
  "wall_s": 45.9,
  "gate_pass": true
}