{
  "corpus": "corpora/tab/echr_dev.json",
  "docs": 127,
  "threshold": 0.02,
  "gliner_model": "data/models/pii_gliner_multidomain/checkpoint-7437",
  "recall": {
    "DIRECT": {
      "any": 1.0,
      "typed": 0.9931506849315068,
      "n": 438
    },
    "QUASI": {
      "any": 0.9550173010380623,
      "typed": 0.8831051602226568,
      "n": 6647
    }
  },
  "recall_by_type": {
    "DIRECT/CODE": {
      "any": 1.0,
      "typed": 0.9936305732484076,
      "n": 157
    },
    "DIRECT/DATETIME": {
      "any": 1.0,
      "typed": 1.0,
      "n": 9
    },
    "DIRECT/MISC": {
      "any": 1.0,
      "typed": 1.0,
      "n": 3
    },
    "DIRECT/ORG": {
      "any": 1.0,
      "typed": 1.0,
      "n": 1
    },
    "DIRECT/PERSON": {
      "any": 1.0,
      "typed": 0.9925373134328358,
      "n": 268
    },
    "QUASI/CODE": {
      "any": 0.9701986754966887,
      "typed": 0.9039735099337748,
      "n": 302
    },
    "QUASI/DATETIME": {
      "any": 1.0,
      "typed": 0.999252895031752,
      "n": 2677
    },
    "QUASI/DEM": {
      "any": 0.9250457038391224,
      "typed": 0.6983546617915904,
      "n": 547
    },
    "QUASI/LOC": {
      "any": 1.0,
      "typed": 0.9164785553047404,
      "n": 443
    },
    "QUASI/MISC": {
      "any": 0.7984084880636605,
      "typed": 0.5251989389920424,
      "n": 377
    },
    "QUASI/ORG": {
      "any": 0.8456243854473943,
      "typed": 0.7050147492625368,
      "n": 1017
    },
    "QUASI/PERSON": {
      "any": 0.9926931106471816,
      "typed": 0.9519832985386222,
      "n": 958
    },
    "QUASI/QUANTITY": {
      "any": 0.9723926380368099,
      "typed": 0.941717791411043,
      "n": 326
    }
  },
  "entity_level_direct_recall": 1.0,
  "precision_proxy": 0.8573471183457985,
  "n_pred": 9092,
  "wall_s": 46.3,
  "gate_pass": true
}