{
  "corpus": "corpora/tab/echr_dev.json",
  "docs": 127,
  "threshold": 0.02,
  "gliner_model": "data/models/pii_gliner_multidomain/checkpoint-2479",
  "recall": {
    "DIRECT": {
      "any": 1.0,
      "typed": 0.9908675799086758,
      "n": 438
    },
    "QUASI": {
      "any": 0.9703625695802618,
      "typed": 0.8867158116443509,
      "n": 6647
    }
  },
  "recall_by_type": {
    "DIRECT/CODE": {
      "any": 1.0,
      "typed": 0.9936305732484076,
      "n": 157
    },
    "DIRECT/DATETIME": {
      "any": 1.0,
      "typed": 1.0,
      "n": 9
    },
    "DIRECT/MISC": {
      "any": 1.0,
      "typed": 0.3333333333333333,
      "n": 3
    },
    "DIRECT/ORG": {
      "any": 1.0,
      "typed": 1.0,
      "n": 1
    },
    "DIRECT/PERSON": {
      "any": 1.0,
      "typed": 0.996268656716418,
      "n": 268
    },
    "QUASI/CODE": {
      "any": 0.9701986754966887,
      "typed": 0.9105960264900662,
      "n": 302
    },
    "QUASI/DATETIME": {
      "any": 1.0,
      "typed": 0.999252895031752,
      "n": 2677
    },
    "QUASI/DEM": {
      "any": 0.9689213893967094,
      "typed": 0.7787934186471663,
      "n": 547
    },
    "QUASI/LOC": {
      "any": 0.9977426636568849,
      "typed": 0.8758465011286681,
      "n": 443
    },
    "QUASI/MISC": {
      "any": 0.8567639257294429,
      "typed": 0.3687002652519894,
      "n": 377
    },
    "QUASI/ORG": {
      "any": 0.9026548672566371,
      "typed": 0.7630285152409046,
      "n": 1017
    },
    "QUASI/PERSON": {
      "any": 0.9895615866388309,
      "typed": 0.9509394572025052,
      "n": 958
    },
    "QUASI/QUANTITY": {
      "any": 0.9785276073619632,
      "typed": 0.9325153374233128,
      "n": 326
    }
  },
  "entity_level_direct_recall": 1.0,
  "precision_proxy": 0.8067536607231796,
  "n_pred": 10039,
  "wall_s": 45.6,
  "gate_pass": true
}