{
  "corpus": "corpora/tab/echr_dev.json",
  "docs": 127,
  "threshold": 0.1,
  "gliner_model": "data/models/pii_gliner_multidomain/checkpoint-4958",
  "recall": {
    "DIRECT": {
      "any": 1.0,
      "typed": 0.9931506849315068,
      "n": 438
    },
    "QUASI": {
      "any": 0.9028132992327366,
      "typed": 0.8390251241161426,
      "n": 6647
    }
  },
  "recall_by_type": {
    "DIRECT/CODE": {
      "any": 1.0,
      "typed": 0.9936305732484076,
      "n": 157
    },
    "DIRECT/DATETIME": {
      "any": 1.0,
      "typed": 1.0,
      "n": 9
    },
    "DIRECT/MISC": {
      "any": 1.0,
      "typed": 0.6666666666666666,
      "n": 3
    },
    "DIRECT/ORG": {
      "any": 1.0,
      "typed": 1.0,
      "n": 1
    },
    "DIRECT/PERSON": {
      "any": 1.0,
      "typed": 0.996268656716418,
      "n": 268
    },
    "QUASI/CODE": {
      "any": 0.9602649006622517,
      "typed": 0.8807947019867549,
      "n": 302
    },
    "QUASI/DATETIME": {
      "any": 0.9996264475158759,
      "typed": 0.999252895031752,
      "n": 2677
    },
    "QUASI/DEM": {
      "any": 0.7696526508226691,
      "typed": 0.5923217550274223,
      "n": 547
    },
    "QUASI/LOC": {
      "any": 0.9932279909706546,
      "typed": 0.9255079006772009,
      "n": 443
    },
    "QUASI/MISC": {
      "any": 0.5543766578249337,
      "typed": 0.34748010610079577,
      "n": 377
    },
    "QUASI/ORG": {
      "any": 0.7079646017699115,
      "typed": 0.5555555555555556,
      "n": 1017
    },
    "QUASI/PERSON": {
      "any": 0.9874739039665971,
      "typed": 0.954070981210856,
      "n": 958
    },
    "QUASI/QUANTITY": {
      "any": 0.9171779141104295,
      "typed": 0.8957055214723927,
      "n": 326
    }
  },
  "entity_level_direct_recall": 1.0,
  "precision_proxy": 0.9183128670581954,
  "n_pred": 7492,
  "wall_s": 46.0,
  "gate_pass": true
}